Horizon,Start,End,Years,Portfolio,Account,Type,Holdings,Capital,Final Wealth,P&L,Total Return %,CAGR %,Dividends,Winners,Losers,Late listings,Data gaps,No data
1Y,2025-10-01,2026-10-01,1.0,PEW-Angel · Stocks,PEW-Angel,Stocks,40.0,2000000.0,2106440.0,106440.0,5.32,5.33,23608.0,21.0,19.0,2.0,0.0,0.0
1Y,2025-10-01,2026-10-01,1.0,JPW-Angel · Stocks,JPW-Angel,Stocks,40.0,2000000.0,2105736.0,105736.0,5.29,5.29,36540.0,21.0,19.0,0.0,0.0,0.0
1Y,2025-10-01,2026-10-01,1.0,JPW-Zerodha · Stocks,JPW-Zerodha,Stocks,40.0,2000000.0,2227263.0,227263.0,11.36,11.37,30876.0,22.0,18.0,0.0,0.0,0.0
1Y,2025-10-01,2026-10-01,1.0,All accounts · Stocks,All,Stocks,120.0,6000000.0,6439438.0,439438.0,7.32,7.33,91023.0,64.0,56.0,2.0,0.0,0.0
1Y,2025-10-01,2026-10-01,1.0,PEW-Angel · ETF/SGB,PEW-Angel,ETF/SGB,9.0,450000.0,507856.0,57856.0,12.86,12.87,0.0,5.0,4.0,0.0,0.0,1.0
1Y,2025-10-01,2026-10-01,1.0,JPW-Angel · ETF/SGB,JPW-Angel,ETF/SGB,9.0,450000.0,522137.0,72137.0,16.03,16.04,0.0,7.0,2.0,0.0,0.0,1.0
1Y,2025-10-01,2026-10-01,1.0,JPW-Zerodha · ETF/SGB,JPW-Zerodha,ETF/SGB,9.0,450000.0,506061.0,56061.0,12.46,12.47,0.0,6.0,3.0,0.0,0.0,1.0
1Y,2025-10-01,2026-10-01,1.0,All accounts · ETF/SGB,All,ETF/SGB,27.0,1350000.0,1536054.0,186054.0,13.78,13.79,0.0,18.0,9.0,0.0,0.0,3.0
1Y,2025-10-01,2026-10-01,1.0,Nifty 50,Benchmark,Index,,,,,-9.72,-9.73,,,,,,
1Y,2025-10-01,2026-10-01,1.0,Nifty 500,Benchmark,Index,,,,,-4.67,-4.67,,,,,,
2Y,2024-10-01,2026-10-01,2.0,PEW-Angel · Stocks,PEW-Angel,Stocks,40.0,2000000.0,2086147.0,86147.0,4.31,2.13,40988.0,19.0,21.0,2.0,0.0,0.0
2Y,2024-10-01,2026-10-01,2.0,JPW-Angel · Stocks,JPW-Angel,Stocks,40.0,2000000.0,1999613.0,-387.0,-0.02,-0.01,64674.0,18.0,22.0,2.0,0.0,0.0
2Y,2024-10-01,2026-10-01,2.0,JPW-Zerodha · Stocks,JPW-Zerodha,Stocks,40.0,2000000.0,2516598.0,516598.0,25.83,12.18,51082.0,24.0,16.0,1.0,0.0,0.0
2Y,2024-10-01,2026-10-01,2.0,All accounts · Stocks,All,Stocks,120.0,6000000.0,6602358.0,602358.0,10.04,4.9,156744.0,61.0,59.0,5.0,0.0,0.0
2Y,2024-10-01,2026-10-01,2.0,PEW-Angel · ETF/SGB,PEW-Angel,ETF/SGB,9.0,450000.0,607043.0,157043.0,34.9,16.16,2206.0,5.0,4.0,0.0,0.0,1.0
2Y,2024-10-01,2026-10-01,2.0,JPW-Angel · ETF/SGB,JPW-Angel,ETF/SGB,9.0,450000.0,649080.0,199080.0,44.24,20.12,0.0,5.0,4.0,0.0,0.0,1.0
2Y,2024-10-01,2026-10-01,2.0,JPW-Zerodha · ETF/SGB,JPW-Zerodha,ETF/SGB,9.0,450000.0,608430.0,158430.0,35.21,16.29,0.0,4.0,5.0,0.0,0.0,1.0
2Y,2024-10-01,2026-10-01,2.0,All accounts · ETF/SGB,All,ETF/SGB,27.0,1350000.0,1864553.0,514553.0,38.12,17.54,2206.0,14.0,13.0,0.0,0.0,3.0
2Y,2024-10-01,2026-10-01,2.0,Nifty 50,Benchmark,Index,,,,,-13.08,-6.78,,,,,,
2Y,2024-10-01,2026-10-01,2.0,Nifty 500,Benchmark,Index,,,,,-9.94,-5.11,,,,,,
3Y,2023-10-03,2026-10-01,3.0,PEW-Angel · Stocks,PEW-Angel,Stocks,40.0,2000000.0,3780326.0,1780326.0,89.02,23.68,115788.0,36.0,4.0,3.0,0.0,0.0
3Y,2023-10-03,2026-10-01,3.0,JPW-Angel · Stocks,JPW-Angel,Stocks,40.0,2000000.0,3379259.0,1379259.0,68.96,19.14,148897.0,33.0,7.0,2.0,0.0,0.0
3Y,2023-10-03,2026-10-01,3.0,JPW-Zerodha · Stocks,JPW-Zerodha,Stocks,40.0,2000000.0,4513729.0,2513729.0,125.69,31.23,121584.0,35.0,5.0,2.0,0.0,0.0
3Y,2023-10-03,2026-10-01,3.0,All accounts · Stocks,All,Stocks,120.0,6000000.0,11673314.0,5673314.0,94.56,24.88,386269.0,104.0,16.0,7.0,0.0,0.0
3Y,2023-10-03,2026-10-01,3.0,PEW-Angel · ETF/SGB,PEW-Angel,ETF/SGB,9.0,450000.0,782455.0,332455.0,73.88,20.28,4459.0,8.0,1.0,0.0,0.0,1.0
3Y,2023-10-03,2026-10-01,3.0,JPW-Angel · ETF/SGB,JPW-Angel,ETF/SGB,9.0,450000.0,869781.0,419781.0,93.28,24.61,0.0,8.0,1.0,2.0,0.0,1.0
3Y,2023-10-03,2026-10-01,3.0,JPW-Zerodha · ETF/SGB,JPW-Zerodha,ETF/SGB,9.0,450000.0,770168.0,320168.0,71.15,19.65,0.0,7.0,2.0,2.0,0.0,1.0
3Y,2023-10-03,2026-10-01,3.0,All accounts · ETF/SGB,All,ETF/SGB,27.0,1350000.0,2422404.0,1072404.0,79.44,21.56,4459.0,23.0,4.0,4.0,0.0,3.0
3Y,2023-10-03,2026-10-01,3.0,Nifty 50,Benchmark,Index,,,,,14.82,4.72,,,,,,
3Y,2023-10-03,2026-10-01,3.0,Nifty 500,Benchmark,Index,,,,,26.68,8.22,,,,,,
4Y,2022-10-03,2026-10-01,3.99,PEW-Angel · Stocks,PEW-Angel,Stocks,40.0,2000000.0,6122902.0,4122902.0,206.15,32.33,227375.0,38.0,2.0,5.0,0.0,0.0
4Y,2022-10-03,2026-10-01,3.99,JPW-Angel · Stocks,JPW-Angel,Stocks,40.0,2000000.0,5651588.0,3651588.0,182.58,29.7,312211.0,35.0,5.0,2.0,0.0,0.0
4Y,2022-10-03,2026-10-01,3.99,JPW-Zerodha · Stocks,JPW-Zerodha,Stocks,40.0,2000000.0,7088596.0,5088596.0,254.43,37.27,237615.0,34.0,6.0,2.0,0.0,0.0
4Y,2022-10-03,2026-10-01,3.99,All accounts · Stocks,All,Stocks,120.0,6000000.0,18863085.0,12863085.0,214.38,33.21,777201.0,107.0,13.0,9.0,0.0,0.0
4Y,2022-10-03,2026-10-01,3.99,PEW-Angel · ETF/SGB,PEW-Angel,ETF/SGB,9.0,450000.0,940785.0,490785.0,109.06,20.28,7160.0,8.0,1.0,1.0,0.0,1.0
4Y,2022-10-03,2026-10-01,3.99,JPW-Angel · ETF/SGB,JPW-Angel,ETF/SGB,9.0,450000.0,1078043.0,628043.0,139.57,24.45,0.0,8.0,1.0,2.0,0.0,1.0
4Y,2022-10-03,2026-10-01,3.99,JPW-Zerodha · ETF/SGB,JPW-Zerodha,ETF/SGB,9.0,450000.0,887538.0,437538.0,97.23,18.53,0.0,8.0,1.0,3.0,0.0,1.0
4Y,2022-10-03,2026-10-01,3.99,All accounts · ETF/SGB,All,ETF/SGB,27.0,1350000.0,2906366.0,1556366.0,115.29,21.16,7160.0,24.0,3.0,6.0,0.0,3.0
4Y,2022-10-03,2026-10-01,3.99,Nifty 50,Benchmark,Index,,,,,32.77,7.35,,,,,,
4Y,2022-10-03,2026-10-01,3.99,Nifty 500,Benchmark,Index,,,,,49.32,10.56,,,,,,
5Y,2021-10-01,2026-10-01,5.0,PEW-Angel · Stocks,PEW-Angel,Stocks,40.0,2000000.0,7168844.0,5168844.0,258.44,29.09,279439.0,39.0,1.0,5.0,0.0,0.0
5Y,2021-10-01,2026-10-01,5.0,JPW-Angel · Stocks,JPW-Angel,Stocks,40.0,2000000.0,6366980.0,4366980.0,218.35,26.06,366601.0,35.0,5.0,3.0,0.0,0.0
5Y,2021-10-01,2026-10-01,5.0,JPW-Zerodha · Stocks,JPW-Zerodha,Stocks,40.0,2000000.0,9611791.0,7611791.0,380.59,36.89,304485.0,34.0,6.0,3.0,0.0,0.0
5Y,2021-10-01,2026-10-01,5.0,All accounts · Stocks,All,Stocks,120.0,6000000.0,23147616.0,17147616.0,285.79,31.0,950525.0,108.0,12.0,11.0,0.0,0.0
5Y,2021-10-01,2026-10-01,5.0,PEW-Angel · ETF/SGB,PEW-Angel,ETF/SGB,9.0,450000.0,915098.0,465098.0,103.36,15.25,8631.0,8.0,1.0,2.0,0.0,1.0
5Y,2021-10-01,2026-10-01,5.0,JPW-Angel · ETF/SGB,JPW-Angel,ETF/SGB,9.0,450000.0,1021365.0,571365.0,126.97,17.82,0.0,8.0,1.0,4.0,0.0,1.0
5Y,2021-10-01,2026-10-01,5.0,JPW-Zerodha · ETF/SGB,JPW-Zerodha,ETF/SGB,9.0,450000.0,846306.0,396306.0,88.07,13.47,0.0,7.0,2.0,4.0,0.0,1.0
5Y,2021-10-01,2026-10-01,5.0,All accounts · ETF/SGB,All,ETF/SGB,27.0,1350000.0,2782770.0,1432770.0,106.13,15.57,8631.0,23.0,4.0,10.0,0.0,3.0
5Y,2021-10-01,2026-10-01,5.0,Nifty 50,Benchmark,Index,,,,,27.89,5.04,,,,,,
5Y,2021-10-01,2026-10-01,5.0,Nifty 500,Benchmark,Index,,,,,45.58,7.8,,,,,,
