Rank,Symbol,Company,Sector,Industry,Cap Class,Market Cap (Cr),Price,P/E,PE vs sector,Forward P/E,PEG,EV/EBITDA,P/B,FCF Yield %,ROE % (latest),ROE % (avg 4y),ROE % (worst yr),Operating Margin,Net Margin,Revenue CAGR %,Profit CAGR %,Debt/Equity,Interest Cover,Beta,Volatility %,Max Drawdown 3y %,Dividend Yield %,Payout Ratio,Promoter %,Promoter chg 1y (pp),Price vs 200DMA %,% Below 52W High,Turnover (Lakh/day),3-5y CAGR %,Score v2 (portfolio screen),Score v3,Score v3 (before caps),Quality (28),Growth (20),Valuation (20),Safety (17),Shareholder (8),Trend (7),Strengths,Weaknesses,Red flags,Notes,Params used,In your lists,1Y %,1Y CAGR %,3Y %,3Y CAGR %,5Y %,5Y CAGR %,Returns note,Why this rank,In sector lists,Sector lists
1,NSE:MUTHOOTFIN,Muthoot Finance Limited,Financial Services,Credit Services,Large,108280.0,2697.1,9.5,0.45,8.4489,,,2.67,,31.7,19.8,16.7,74.6,55.5,38.0,43.1,393.6,,0.517,30.8,-33.5,1.11,10.6,73.35,0.0,-18.0,35.0,26054.4,29.34582607445362,71.1,89.4,89.4,27.4,19.5,17.8,13.4,6.1,5.2,Revenue CAGR 38.0%; Profit CAGR 43.1%; ROE 4y avg 19.8%; PE vs sector 0.45×,Price vs 200-DMA -18.0%,,,22,,-14.2,-14.2,118.4,29.8,75.8,12.0,,"#1 of Nifty 100, 1.9 pts ahead of PFC — leads on Growth +1.1, Safety +1.0",Nifty Financial Services #1; Nifty Financial Services 25/50 #1; Nifty Financial Services ex-Bank #1,3
2,NSE:PFC,Power Finance Corporation Limited,Financial Services,Credit Services,Mid,104943.0,318.0,4.0,0.19,3.517699,,,0.73,,,19.4,18.9,85.5,54.5,16.2,17.7,536.8,1.6,0.599,35.8,-38.5,4.91,18.5,55.99,0.0,-21.1,34.6,25199.2,17.349286168852295,65.3,87.5,87.5,26.9,18.4,17.2,12.4,7.7,4.9,ROE 4y avg 19.4%; Profit CAGR 17.7%; Revenue CAGR 16.2%; PE vs sector 0.19×,Price vs 200-DMA -21.1%,,,21,,-22.7,-22.7,26.7,8.2,184.1,23.2,,"-1.9 vs #1 MUTHOOTFIN — behind on Growth 1.1, Safety 1.0",Nifty Financial Services #2; Nifty Financial Services 25/50 #2; Nifty Financial Services ex-Bank #2,3
3,NSE:BAJAJ-AUTO,Bajaj Auto Limited,Automobile and Auto Components,Auto Manufacturers,Large,276040.0,10045.0,23.9,0.67,21.139362,1.31,17.627,7.23,,,23.9,20.6,21.5,16.3,19.5,21.0,56.4,12.9,0.635,24.5,-42.3,1.49,35.7,55.01,-0.03,-1.9,19.4,33420.5,29.52489297509149,58.0,87.4,87.4,27.0,19.1,13.9,14.4,6.7,6.2,ROE 4y avg 23.9%; Revenue CAGR 19.5%; Profit CAGR 21.0%; PE vs sector 0.67×,Max drawdown 3y -42.3%,,,26,,16.4,16.5,100.2,26.1,160.7,21.1,,"-0.1 vs #2 PFC — behind on Valuation 3.3, Shareholder 1.0",Nifty Auto #1,1
4,NSE:ICICIBANK,ICICI Bank Limited,Financial Services,Banks - Regional,Large,940802.0,1310.6,16.9,0.8,13.942553,0.53,,2.47,,16.1,16.1,14.9,38.5,27.5,18.1,16.8,,,0.26,20.2,-18.4,0.92,14.2,0.0,0.0,-3.0,11.4,137513.4,10.793165135089279,58.0,86.2,86.2,23.4,18.9,17.6,15.8,5.3,5.1,Revenue CAGR 18.1%; Profit CAGR 16.8%; ROE 4y avg 16.1%; PE vs sector 0.80×,,,widely held (no promoter) - promoter checks not applicable,21,,-4.5,-4.5,39.4,11.7,89.3,13.6,,"-1.2 vs #3 BAJAJ-AUTO — behind on Quality 3.6, Shareholder 1.4",Nifty Bank #1; Nifty Private Bank #1; Nifty Financial Services #3; Nifty Financial Services 25/50 #3,4
5,NSE:ZYDUSLIFE,Zydus Lifesciences Limited,Healthcare,Drug Manufacturers - Specialty & Generic,Large,114284.0,1145.7,25.5,0.49,,,,4.25,,,17.0,11.2,,,16.5,37.0,42.3,19.1,,25.0,-36.8,0.09,,75.01,0.02,,7.0,17139.6,22.025794062320216,57.9,86.0,86.0,23.4,19.3,17.0,14.8,5.0,6.5,Profit CAGR 37.0%; Revenue CAGR 16.5%; ROE 4y avg 17.0%; PE vs sector 0.49×,Dividend yield 0.1%,,,18,,15.6,15.6,87.5,23.4,106.2,15.6,,"-0.2 vs #4 ICICIBANK — behind on Safety 1.0, Valuation 0.6",Nifty Pharma #1; Nifty Healthcare Index #1; Nifty 500 Healthcare #1,3
6,NSE:SBIN,State Bank of India,Financial Services,Banks - Regional,Large,880693.0,954.1,10.2,0.49,9.072846,0.53,,1.42,,15.2,15.4,14.0,35.7,22.4,12.2,14.4,,,0.386,24.5,-23.9,1.82,18.6,55.47,-0.03,-8.7,22.7,89740.2,19.043319209776953,60.4,85.7,85.7,22.2,16.3,19.8,14.9,6.9,5.6,Profit CAGR 14.4%; ROE 4y avg 15.4%; PE vs sector 0.49×; P/B 1.42,Price vs 200-DMA -8.7%,,,23,,10.4,10.4,58.2,16.6,111.2,16.1,,"-0.3 vs #5 ZYDUSLIFE — behind on Growth 3.0, Quality 1.2",Nifty Bank #2; Nifty PSU Bank #2; Nifty Financial Services #4; Nifty Financial Services 25/50 #4,4
7,NSE:EICHERMOT,Eicher Motors Limited,Automobile and Auto Components,Auto Manufacturers,Large,189969.0,6920.0,32.9,0.93,25.385378,,31.943,7.56,,,21.5,19.4,19.8,23.2,17.5,23.7,2.0,100.3,0.224,26.2,-19.6,1.18,33.3,49.02,-0.05,-6.5,15.9,32272.9,28.422755839115577,59.6,84.6,84.6,27.1,19.5,9.7,16.1,6.4,5.8,ROE 4y avg 21.5%; Profit CAGR 23.7%; Revenue CAGR 17.5%; Debt/Equity 2.00,EV/EBITDA 31.9×; P/B 7.56,,,25,,-1.4,-1.4,106.5,27.4,149.6,20.1,,-1.1 vs #6 SBIN — behind on Valuation 10.1,Nifty Auto #3,1
8,NSE:BAJAJHLDNG,Bajaj Holdings & Investment Limited,Financial Services,Asset Management,Large,118706.0,10666.0,13.4,0.64,,,127.715,1.62,,11.6,12.0,10.4,84.8,734.6,19.0,25.7,0.0,,0.151,30.6,-39.5,1.22,18.2,51.46,0.0,0.3,19.5,5128.0,16.274419659001538,,82.9,82.9,18.4,19.8,19.2,12.9,6.4,6.1,Profit CAGR 25.7%; Revenue CAGR 19.0%; PE vs sector 0.64×; Net margin 734.6%,,,,21,,-11.1,-11.1,52.1,15.0,125.1,17.6,,"-1.7 vs #7 EICHERMOT — behind on Quality 8.7, Safety 3.2",Nifty Financial Services ex-Bank #4,1
9,NSE:SHRIRAMFIN,Shriram Finance Limited,Financial Services,Credit Services,Large,222363.0,945.0,16.7,0.8,13.166549,,,2.7,,18.5,15.2,13.8,68.5,50.0,13.9,18.6,276.2,,0.606,35.1,-29.0,1.46,24.4,20.3,-5.09,-6.5,18.1,44213.9,37.25963515757014,55.9,82.1,82.1,24.4,18.2,16.3,13.2,4.2,5.9,Profit CAGR 18.6%; Revenue CAGR 13.9%; ROE 4y avg 15.2%; PE vs sector 0.80×,Promoter holding 20.3%; Promoter change 1y -5.1 pts,,,22,,45.7,45.7,145.8,35.0,265.0,29.6,,"-0.8 vs #8 BAJAJHLDNG — behind on Valuation 2.9, Shareholder 2.2",Nifty Financial Services ex-Bank #5; Nifty Financial Services #6; Nifty Financial Services 25/50 #6,3
10,NSE:BEL,Bharat Electronics Limited,Capital Goods,Aerospace & Defense,Large,280038.0,383.1,45.7,0.88,34.084755,,33.163,11.67,,,24.5,21.5,22.1,21.4,15.5,26.6,0.3,1239.9,0.284,31.3,-26.9,0.65,33.9,51.14,0.0,-8.7,19.1,41132.8,42.06133698771628,62.9,82.0,82.0,26.8,19.3,8.6,15.5,6.1,5.8,ROE 4y avg 24.5%; Profit CAGR 26.6%; Revenue CAGR 15.5%; Debt/Equity 0.30,P/B 11.7; EV/EBITDA 33.2×; P/E 45.7,,,25,,-5.8,-5.8,175.2,40.2,469.7,41.6,,-0.1 vs #9 SHRIRAMFIN — behind on Valuation 7.7,,0
11,NSE:BHARTIARTL,Bharti Airtel Limited,Telecommunication,Telecom Services,Large,1086213.0,1741.1,36.4,0.82,21.185522,,11.05,6.71,5.81,20.2,16.8,9.1,32.6,13.1,14.9,47.3,100.4,3.5,-0.004,21.4,-18.8,1.38,33.4,50.07,-0.2,-8.3,19.9,108778.5,25.01866387980469,53.5,81.9,81.9,24.1,19.2,14.1,12.1,6.6,5.8,Profit CAGR 47.3%; Revenue CAGR 14.9%; ROE 4y avg 16.8%; PE vs sector 0.82×,,,,27,,-6.8,-6.8,88.2,23.5,157.6,20.8,,"-0.1 vs #10 BEL — behind on Safety 3.4, Quality 2.7",,0
12,NSE:CANBK,Canara Bank,Financial Services,Banks - Regional,Large,107360.0,118.36,5.4,0.26,5.084865,,,0.91,,,16.1,14.4,44.1,43.1,5.0,20.5,,,0.498,34.2,-35.2,3.55,19.2,62.93,0.0,-12.8,27.3,20394.9,21.237200618665696,58.5,81.8,81.8,24.3,12.5,19.1,12.8,7.8,5.4,Profit CAGR 20.5%; ROE 4y avg 16.1%; PE vs sector 0.26×; P/B 0.91,Revenue CAGR 5.0%; Price vs 200-DMA -12.8%,,,21,,-4.4,-4.4,53.9,15.5,234.6,27.3,,-0.1 vs #11 BHARTIARTL — behind on Growth 6.7,Nifty Bank #3; Nifty PSU Bank #4,2
13,NSE:MAZDOCK,Mazagon Dock Shipbuilders Limited,Capital Goods,Aerospace & Defense,Mid,83258.0,2064.0,31.1,0.6,26.801039,,29.442,8.53,,,27.9,23.5,14.2,20.1,19.6,32.2,4.5,46.1,0.617,50.6,-44.6,1.01,24.4,81.22,0.0,-15.0,29.5,15443.1,26.494070868347407,62.5,81.4,81.4,24.6,19.6,12.0,13.6,6.2,5.3,ROE 4y avg 27.9%; Profit CAGR 32.2%; Revenue CAGR 19.6%; PE vs sector 0.60×,EV/EBITDA 29.4×; Volatility 50.6%; Price vs 200-DMA -15.0%,,,25,,-27.4,-27.4,88.7,23.6,1545.6,75.1,,"-0.4 vs #12 CANBK — behind on Valuation 7.1, Shareholder 1.6",,0
14,NSE:CUMMINSIND,Cummins India Limited,Capital Goods,Specialty Industrial Machinery,Large,134719.0,4860.0,56.8,1.09,42.372353,,47.489,15.9,,,25.4,21.3,20.5,18.7,16.1,24.4,0.4,249.7,0.527,29.0,-34.3,1.36,62.6,51.0,0.0,-3.2,20.3,21221.1,43.14318876664509,62.0,79.1,79.1,26.1,19.3,5.8,15.3,6.5,6.1,ROE 4y avg 25.4%; Profit CAGR 24.4%; Revenue CAGR 16.1%; Debt/Equity 0.40,P/B 15.9; EV/EBITDA 47.5×; P/E 56.8,,,25,,26.3,26.3,189.5,42.6,429.4,39.6,,-2.3 vs #13 MAZDOCK — behind on Valuation 6.2,,0
15,NSE:ADANIPORTS,Adani Ports and Special Economic Zone Limited,Services,Marine Shipping,Large,400382.0,1737.8,29.7,1.13,22.229424,,19.727,4.17,,,14.5,11.7,44.6,32.4,22.9,34.1,64.1,5.0,0.493,36.7,-33.8,0.43,12.8,66.03,0.14,6.7,8.1,36900.4,27.486221758581884,60.6,79.0,79.0,23.2,20.0,10.3,13.3,5.7,6.5,Revenue CAGR 22.9%; Profit CAGR 34.1%; Operating margin 44.6%; forward P/E 22.2 vs P/E 29.7,Volatility 36.7%,,,25,,22.1,22.2,109.0,27.9,136.5,18.8,,"-0.1 vs #14 CUMMINSIND — behind on Quality 2.9, Safety 2.0",,0
16,NSE:COALINDIA,Coal India Limited,Oil Gas & Consumable Fuels,Thermal Coal,Large,259081.0,420.4,8.3,0.73,7.418175,0.87,5.325,2.18,,,39.3,26.1,21.1,18.1,9.3,-0.7,11.6,49.9,-0.047,28.2,-30.8,5.0,52.2,61.13,-2.0,-3.5,14.4,33240.3,23.200896715798503,60.5,78.9,78.9,25.8,8.1,16.3,15.4,7.4,5.9,ROE 4y avg 39.3%; PE vs sector 0.73×; Debt/Equity 11.6; Interest cover 49.9×,Profit CAGR -0.7%; P/B 2.18; Promoter change 1y -2.0 pts,,,26,,8.2,8.2,44.0,13.0,122.8,17.4,,"-0.1 vs #15 ADANIPORTS — behind on Growth 11.9, Trend 0.6",,0
17,NSE:SUNPHARMA,Sun Pharmaceutical Industries Limited,Healthcare,Drug Manufacturers - Specialty & Generic,Large,432120.0,1801.0,35.7,0.69,27.906345,1.04,24.334,5.17,,,14.8,13.7,23.2,20.2,10.4,10.6,5.5,45.6,0.121,20.0,-19.1,0.89,31.8,54.48,0.0,-0.3,12.0,35244.2,17.39767763255111,54.7,78.8,78.8,22.9,13.5,13.8,16.4,6.3,5.9,PE vs sector 0.69×; Debt/Equity 5.50; forward P/E 27.9 vs P/E 35.7; Interest cover 45.6×,EV/EBITDA 24.3×,,,26,,10.1,10.1,57.8,16.4,117.9,16.9,,"-0.1 vs #16 COALINDIA — behind on Quality 2.9, Valuation 2.5",Nifty Healthcare Index #3; Nifty Pharma #4; Nifty 500 Healthcare #6,3
18,NSE:HINDZINC,Hindustan Zinc Limited,Metals & Mining,Other Industrial Metals & Mining,Large,234526.0,555.05,13.7,0.74,12.402908,,8.732,10.36,,,67.8,51.1,54.7,38.1,5.6,9.6,39.0,25.3,0.673,37.1,-48.0,3.78,27.2,60.71,-1.13,-5.4,24.3,27534.5,24.504706735388492,57.2,78.8,78.8,27.7,9.3,14.5,13.7,7.6,6.0,ROE 4y avg 67.8%; PE vs sector 0.74×; Operating margin 54.7%; Debt/Equity 39.0,Revenue CAGR 5.6%; P/B 10.4; Max drawdown 3y -48.0%,,,25,,15.3,15.3,80.8,21.9,81.3,12.6,,"+0.0 vs #17 SUNPHARMA — behind on Growth 4.2, Safety 2.7",Nifty Metal #3,1
19,NSE:UNIONBANK,Union Bank of India,Financial Services,Banks - Regional,Large,127932.0,167.59,6.2,0.3,6.2578645,,,0.92,,15.8,13.8,10.8,48.8,40.5,7.6,31.7,,,0.9,40.0,-38.9,2.98,36.1,74.76,0.0,-4.5,18.4,20800.7,24.676496821140837,57.4,78.7,78.7,21.1,13.5,19.2,11.1,7.8,6.0,Profit CAGR 31.7%; PE vs sector 0.30×; P/B 0.92; ROE latest 15.8%,Volatility 40.0%,,,22,,20.8,20.8,49.5,14.4,359.8,35.7,,"-0.1 vs #18 HINDZINC — behind on Quality 6.6, Safety 2.6",Nifty Bank #4; Nifty PSU Bank #5,2
20,NSE:HAL,Hindustan Aeronautics Limited,Capital Goods,Aerospace & Defense,Large,307703.0,4601.0,33.0,0.64,26.64076,,32.705,7.5,,,24.2,22.2,15.7,27.6,6.4,16.1,0.2,2099.8,0.499,33.4,-44.5,0.43,35.9,71.64,0.0,4.6,10.7,39707.8,33.84938896144407,62.9,78.5,78.5,25.6,14.0,12.0,14.6,6.0,6.3,ROE 4y avg 24.2%; Profit CAGR 16.1%; PE vs sector 0.64×; Debt/Equity 0.20,Revenue CAGR 6.4%; EV/EBITDA 32.7×; Max drawdown 3y -44.5%,,,25,,-4.2,-4.2,135.1,33.0,587.7,47.1,,"-0.2 vs #19 UNIONBANK — behind on Valuation 7.2, Shareholder 1.8",,0
21,NSE:CHOLAFIN,Cholamandalam Investment and Finance Company Limited,Financial Services,Credit Services,Large,135487.0,1580.0,23.4,1.11,16.09232,,,4.42,,,17.8,17.2,56.6,40.5,32.8,25.2,695.3,,0.473,33.5,-28.7,0.13,3.0,49.22,-0.68,-5.9,19.1,22487.4,9.501879967445293,55.4,77.9,77.9,25.4,20.0,9.4,13.5,4.7,5.0,Revenue CAGR 32.8%; Profit CAGR 25.2%; ROE 4y avg 17.8%; forward P/E 16.1 vs P/E 23.4,P/B 4.42; Dividend yield 0.1%,,,21,,-1.6,-1.6,26.0,8.0,182.8,23.1,,"-0.6 vs #20 HAL — behind on Valuation 2.6, Shareholder 1.3",Nifty Financial Services #7; Nifty Financial Services 25/50 #7; Nifty Financial Services ex-Bank #7,3
22,NSE:POLYCAB,Polycab India Limited,Capital Goods,Electrical Equipment & Parts,Large,120357.0,7990.0,42.2,0.81,31.463707,,26.771,9.95,1.5,25.5,20.9,19.1,12.7,9.2,26.6,28.1,1.7,19.5,0.635,33.5,-37.9,0.59,24.8,61.46,-1.55,-5.0,21.1,29437.2,16.200406641129472,58.6,77.8,77.8,21.0,20.0,10.2,14.9,5.8,5.8,ROE 4y avg 20.9%; Revenue CAGR 26.6%; Profit CAGR 28.1%; PE vs sector 0.81×,P/B 9.95; EV/EBITDA 26.8×; FCF yield 1.5%,,,27,,8.7,8.7,48.7,14.2,240.5,27.8,,-0.1 vs #21 CHOLAFIN — behind on Quality 4.4,,0
23,NSE:M&M,Mahindra & Mahindra Limited,Automobile and Auto Components,Auto Manufacturers,Large,343418.0,2860.0,17.4,0.49,18.154314,1.26,10.554,3.43,,,17.6,16.8,17.0,8.6,17.5,18.5,125.3,3.7,0.28,28.0,-24.0,1.15,20.1,18.45,0.01,-12.2,25.5,63313.5,23.288677933039192,54.4,77.8,77.8,23.3,16.4,17.0,10.9,4.7,5.5,Revenue CAGR 17.5%; Profit CAGR 18.5%; ROE 4y avg 17.6%; PE vs sector 0.49×,Debt/Equity 125.3; forward P/E 18.2 vs P/E 17.4; Promoter holding 18.4%,,,26,,-17.4,-17.4,86.0,23.0,245.5,28.1,,"+0.0 vs #22 POLYCAB — behind on Safety 4.0, Growth 3.6",Nifty Auto #4,1
24,NSE:HDFCAMC,HDFC Asset Management Company Limited,Financial Services,Asset Management,Mid,99034.0,2308.1,33.6,1.6,26.361881,,23.378,10.71,,,28.0,23.3,80.2,61.6,23.9,26.2,2.4,279.5,0.55,30.3,-24.8,2.34,78.8,52.34,-0.08,-10.6,22.2,18683.7,22.427417783187863,58.2,77.3,77.3,27.5,20.0,3.5,14.1,6.5,5.6,ROE 4y avg 28.0%; Revenue CAGR 23.9%; Profit CAGR 26.2%; forward P/E 26.4 vs P/E 33.6,PE vs sector 1.60×; P/B 10.7; Price vs 200-DMA -10.6%,,,21,,-16.9,-16.9,73.5,20.2,57.4,9.5,,-0.5 vs #23 M&M — behind on Valuation 13.5,Nifty Financial Services ex-Bank #8,1
25,NSE:AXISBANK,Axis Bank Limited,Financial Services,Banks - Regional,Large,378967.0,1217.1,13.8,0.66,10.082773,0.54,,1.7,,13.4,13.1,8.3,49.2,36.0,12.2,34.6,,,0.42,24.3,-28.0,0.08,0.0,7.87,-0.3,-5.4,14.2,72772.5,6.118059986337432,47.4,77.0,77.0,18.1,17.9,19.3,14.6,2.7,4.4,Profit CAGR 34.6%; PE vs sector 0.66×; forward P/E 10.1 vs P/E 13.8; P/B 1.70,Dividend yield 0.1%; Promoter holding 7.9%; 3-5y CAGR 6.1%,,,23,,5.0,5.0,16.9,5.4,58.4,9.6,,"-0.3 vs #24 HDFCAMC — behind on Quality 9.4, Shareholder 3.8",Nifty Private Bank #3; Nifty Bank #6; Nifty Financial Services #8; Nifty Financial Services 25/50 #8,4
26,NSE:BAJFINANCE,Bajaj Finance Limited,Financial Services,Credit Services,Large,589929.0,948.3,29.1,1.39,18.76588,,,5.17,,,18.5,16.7,61.6,43.5,22.6,18.2,314.8,,0.308,28.3,-26.7,0.57,16.6,54.67,-0.06,-2.5,19.4,69157.8,8.774271237426245,56.5,76.3,76.3,25.9,19.5,5.7,14.2,5.9,5.2,Revenue CAGR 22.6%; ROE 4y avg 18.5%; Profit CAGR 18.2%; forward P/E 18.8 vs P/E 29.1,PE vs sector 1.39×; P/B 5.17; 3-5y CAGR 8.8%,,,21,,-4.0,-4.0,19.0,6.0,26.1,4.7,,-0.7 vs #25 AXISBANK — behind on Valuation 13.6,Nifty Financial Services #9; Nifty Financial Services 25/50 #9; Nifty Financial Services ex-Bank #9,3
27,NSE:VBL,Varun Beverages Limited,Fast Moving Consumer Goods,Beverages - Non-Alcoholic,Large,143857.0,425.3,42.6,1.02,36.414043,,25.967,6.61,0.09,16.9,22.5,15.5,24.1,14.0,17.3,26.6,15.9,24.8,0.277,34.3,-43.1,0.47,15.0,59.43,-0.39,-8.3,23.5,28081.0,5.432831619066936,54.4,76.2,76.2,22.3,19.3,9.8,14.5,5.7,4.6,ROE 4y avg 22.5%; Profit CAGR 26.6%; Revenue CAGR 17.3%; Debt/Equity 15.9,FCF yield 0.1%; EV/EBITDA 26.0×; P/E 42.6,,,27,,-4.0,-4.0,14.5,4.6,250.4,28.5,,"-0.1 vs #26 BAJFINANCE — behind on Quality 3.6, Trend 0.6",Nifty FMCG #2,1
28,NSE:MARUTI,Maruti Suzuki India Limited,Automobile and Auto Components,Auto Manufacturers,Large,357979.0,11386.0,25.0,0.7,18.793056,0.77,16.054,3.34,,,13.9,11.1,4.8,7.3,15.9,21.1,0.1,81.1,0.228,23.4,-33.5,1.23,29.6,58.65,0.37,-17.6,34.5,44420.8,3.8189651307481753,53.1,75.0,75.0,14.3,19.0,16.2,15.7,6.7,3.1,Profit CAGR 21.1%; Revenue CAGR 15.9%; PE vs sector 0.70×; Debt/Equity 0.10,Operating margin 4.8%; Price vs 200-DMA -17.6%; 3-5y CAGR 3.8%,,,26,,-28.7,-28.7,10.0,3.2,59.0,9.7,,"-1.2 vs #27 VBL — behind on Quality 8.0, Trend 1.5",Nifty Auto #5,1
29,NSE:BANKBARODA,Bank of Baroda,Financial Services,Banks - Regional,Large,119365.0,230.82,6.6,0.31,5.3512573,,,0.71,,11.3,14.0,12.0,45.5,27.4,10.3,10.0,,,0.422,33.2,-32.2,3.68,24.2,63.97,0.0,-14.3,29.1,19755.1,6.147652308001406,55.3,74.3,74.3,19.1,13.0,17.0,13.2,7.8,4.2,PE vs sector 0.31×; forward P/E 5.4 vs P/E 6.6; P/E 6.60; Dividend yield 3.7%,Price vs 200-DMA -14.3%; 3-5y CAGR 6.1%,,,22,,-11.1,-11.1,6.0,1.9,180.0,22.9,,"-0.7 vs #28 MARUTI — behind on Growth 6.0, Safety 2.5",Nifty PSU Bank #6; Nifty Bank #7,2
30,NSE:NESTLEIND,Nestle India Limited,Fast Moving Consumer Goods,Packaged Foods,Large,252166.0,1307.7,66.2,1.59,52.63626,,44.84,48.9,,,95.3,80.0,21.2,15.6,17.0,23.1,8.6,37.9,0.419,19.2,-22.0,0.92,35.4,62.76,0.0,-4.2,15.8,23088.3,6.35433810561592,59.1,74.0,74.0,25.7,19.4,1.4,16.3,6.4,4.8,ROE 4y avg 95.3%; Profit CAGR 23.1%; Revenue CAGR 17.0%; Debt/Equity 8.60,PE vs sector 1.59×; P/B 48.9; EV/EBITDA 44.8×,,,25,,12.1,12.1,17.2,5.4,33.8,6.0,,"-0.3 vs #29 BANKBARODA — behind on Valuation 15.6, Shareholder 1.4",Nifty FMCG #3,1
31,NSE:TATACAP,Tata Capital Limited,Financial Services,Credit Services,Large,134470.0,318.9,24.9,1.19,14.96305,,,2.93,,,10.6,10.6,57.1,39.7,34.5,,502.9,9.0,,,,0.18,0.0,85.41,0.0,-6.3,18.3,5077.2,,49.2,73.9,73.9,16.4,20.0,11.0,17.0,4.5,4.9,"Revenue CAGR 34.5%; forward P/E 15.0 vs P/E 24.9; Net margin 39.7%; Size (market cap) 134,470 Cr",Dividend yield 0.2%,,,16,,-3.4,-3.5,,,,,3Y n/a: listed/data from 2025-10-13; 5Y n/a: listed/data from 2025-10-13,"-0.1 vs #30 NESTLEIND — behind on Quality 9.3, Shareholder 1.9",,0
32,NSE:TCS,Tata Consultancy Services Limited,Information Technology,Information Technology Services,Large,750753.0,2075.0,15.1,0.57,12.80243,2.71,9.965,6.85,5.29,47.7,48.6,45.9,24.0,18.1,5.8,5.3,10.2,54.4,0.166,22.6,-53.4,3.13,38.5,71.77,0.0,-16.2,38.1,74518.9,-13.8675198521933,54.5,73.8,73.8,27.2,7.7,12.7,14.7,7.8,3.8,ROE 4y avg 48.6%; PE vs sector 0.57×; Debt/Equity 10.2; Operating margin 24.0%,Profit CAGR 5.3%; Revenue CAGR 5.8%; PEG 2.71,,,28,,-28.8,-28.8,-40.9,-16.1,-44.4,-11.1,,"-0.1 vs #31 TATACAP — behind on Growth 12.3, Safety 2.3",Nifty IT #3,1
33,NSE:ENRIN,Siemens Energy India Limited,Capital Goods,Utilities - Renewable,Large,118731.0,3334.0,80.0,1.54,59.21905,,57.878,24.67,,,21.9,18.7,21.9,15.8,,,4.5,53.7,,37.1,-41.1,0.12,9.6,75.0,0.0,8.0,16.0,18281.2,,60.1,73.8,73.8,26.2,20.0,1.4,14.2,5.3,6.7,ROE 4y avg 21.9%; Debt/Equity 4.50; Operating margin 21.9%; forward P/E 59.2 vs P/E 80.0,PE vs sector 1.54×; P/B 24.7; P/E 80.0,,,21,,-1.9,-1.9,,,,,3Y n/a: listed/data from 2025-06-19; 5Y n/a: listed/data from 2025-06-19,"+0.0 vs #32 TCS — behind on Valuation 11.3, Shareholder 2.5",,0
34,NSE:VEDL,Vedanta Limited,Metals & Mining,Other Industrial Metals & Mining,Mid,98421.0,252.05,11.1,0.6,7.8392186,,4.228,1.98,,,30.6,13.8,31.2,23.2,-19.2,18.0,48.0,7.8,0.368,47.2,-68.0,13.49,118.6,54.72,-1.66,-45.9,68.3,27693.5,9.474073495968561,47.3,73.6,73.6,25.5,11.4,18.3,12.5,3.3,2.7,ROE 4y avg 30.6%; Profit CAGR 18.0%; PE vs sector 0.60×; Debt/Equity 48.0,Revenue CAGR -19.2%; Dividend yield 13.5%; Max drawdown 3y -68.0%,,,25,,,,,,,,1Y blanked: unadjusted -65% move on 2026-04-30; 3Y blanked: unadjusted -65% move on 2026-04-30; 5Y blanked: unadjusted -65% move on 2026-04-30,"-0.2 vs #33 ENRIN — behind on Growth 8.6, Trend 4.0",Nifty Metal #4,1
35,NSE:HDFCBANK,HDFC Bank Limited,Financial Services,,Large,1111981.0,721.2,15.8,0.75,11.514689,0.89,,1.83,,,10.8,8.6,33.3,26.8,16.9,12.5,,,0.404,21.0,-31.0,1.8,24.0,0.0,0.0,-10.5,29.3,,-2.8469486723870063,48.4,73.5,73.5,14.6,17.1,18.4,14.7,6.7,1.9,Revenue CAGR 16.9%; PE vs sector 0.75×; forward P/E 11.5 vs P/E 15.8; P/B 1.83,3-5y CAGR -2.8%; Price vs 200-DMA -10.5%,,widely held (no promoter) - promoter checks not applicable,19,,-25.3,-25.3,-4.4,-1.5,-8.9,-1.8,,"-0.1 vs #34 VEDL — behind on Quality 10.9, Trend 0.8",Nifty Private Bank #4; Nifty Bank #8,2
36,NSE:LTM,LTM Limited,Information Technology,Information Technology Services,Large,118792.0,4007.0,22.7,0.86,17.447308,,14.289,4.84,4.36,22.0,22.7,20.3,15.5,11.9,8.4,4.4,9.9,41.0,0.266,31.3,-46.1,1.87,42.6,68.49,-0.07,-12.3,37.7,18544.7,-8.741947292260665,51.8,73.0,73.0,24.0,9.6,13.9,14.5,7.0,4.0,ROE 4y avg 22.7%; PE vs sector 0.86×; Debt/Equity 9.90; ROE latest 22.0%,Profit CAGR 4.4%; 3-5y CAGR -8.7%; Price vs 200-DMA -12.3%,,,27,,-21.8,-21.8,-23.1,-8.4,-30.3,-7.0,,"-0.5 vs #35 HDFCBANK — behind on Growth 7.5, Valuation 4.5",Nifty IT #4,1
37,NSE:ITC,ITC Limited,Fast Moving Consumer Goods,Tobacco,Large,320656.0,255.9,16.2,0.39,15.266291,1.78,11.73,4.42,,,33.3,27.5,24.9,25.9,3.6,2.5,3.3,330.1,-0.093,19.9,-44.9,6.25,91.5,0.0,0.0,-14.2,40.0,36351.0,-12.802404465481231,51.3,72.2,72.2,27.2,5.2,15.9,15.3,4.8,3.9,ROE 4y avg 33.3%; PE vs sector 0.39×; Debt/Equity 3.30; Operating margin 24.9%,Profit CAGR 2.5%; Revenue CAGR 3.6%; Price vs 200-DMA -14.2%,,widely held (no promoter) - promoter checks not applicable,24,,-36.9,-36.9,-39.6,-15.5,12.9,2.5,,"-0.8 vs #36 LTM — behind on Growth 4.4, Shareholder 2.2",Nifty FMCG #5,1
38,NSE:KOTAKBANK,Kotak Mahindra Bank Limited,Financial Services,Banks - Regional,Large,416170.0,418.35,20.5,0.98,17.80935,0.94,,2.3,,,13.0,10.6,34.8,28.5,13.5,8.9,,,0.285,22.7,-22.0,0.16,2.5,25.87,-0.01,5.2,7.7,62501.8,4.859979650801716,51.9,71.9,71.9,18.6,13.6,15.9,15.2,3.4,5.2,Revenue CAGR 13.5%; forward P/E 17.8 vs P/E 20.5; PEG 0.94; P/B 2.30,Dividend yield 0.2%; Promoter holding 25.9%; 3-5y CAGR 4.9%,,,22,,1.4,1.4,21.1,6.6,4.9,1.0,,"-0.3 vs #37 ITC — behind on Quality 8.6, Shareholder 1.4",Nifty Private Bank #5; Nifty Bank #9,2
39,NSE:SOLARINDS,Solar Industries India Limited,Chemicals,Specialty Chemicals,Large,175551.0,19400.0,88.5,2.42,55.25453,,57.303,27.97,,,27.1,25.3,25.5,17.5,12.4,30.4,23.3,18.7,0.245,36.5,-33.1,0.06,4.5,73.15,0.0,18.5,14.5,34748.5,62.487178475566154,63.1,71.5,71.5,26.6,18.0,0.4,14.8,5.0,6.8,ROE 4y avg 27.1%; Profit CAGR 30.4%; Debt/Equity 23.3; Operating margin 25.5%,PE vs sector 2.42×; P/B 28.0; P/E 88.5,,,25,,45.1,45.1,290.0,57.5,795.3,55.0,,-0.4 vs #38 KOTAKBANK — behind on Valuation 15.5,Nifty Chemicals #2,1
40,NSE:WIPRO,Wipro Limited,Information Technology,Information Technology Services,Large,157652.0,159.35,12.7,0.48,11.464524,1.32,7.985,2.03,6.88,16.1,15.0,14.5,15.7,13.9,0.8,5.2,27.4,22.9,0.393,25.5,-48.0,5.02,87.4,72.59,-0.06,-19.6,41.7,23087.5,-7.556645346235181,46.3,71.2,71.2,22.8,5.4,18.2,14.6,6.7,3.5,ROE 4y avg 15.0%; PE vs sector 0.48×; Debt/Equity 27.4; FCF yield 6.9%,Revenue CAGR 0.8%; Profit CAGR 5.2%; Price vs 200-DMA -19.6%,,,28,,-33.9,-33.9,-21.4,-7.7,-49.9,-12.9,,"-0.3 vs #39 SOLARINDS — behind on Growth 12.6, Quality 3.8",Nifty IT #5,1
41,NSE:TORNTPHARM,Torrent Pharmaceuticals Limited,Healthcare,Drug Manufacturers - Specialty & Generic,Large,181333.0,4767.3,76.3,1.47,51.178196,,38.061,19.23,,,23.8,20.1,21.8,13.9,13.3,20.2,85.4,8.5,0.137,23.7,-17.0,0.8,60.7,68.31,0.0,6.8,9.2,25738.6,38.678032640012795,62.5,71.2,71.2,24.4,18.0,1.8,14.2,6.3,6.5,ROE 4y avg 23.8%; Profit CAGR 20.2%; Revenue CAGR 13.3%; forward P/E 51.2 vs P/E 76.3,PE vs sector 1.47×; P/B 19.2; P/E 76.3,,,25,,33.6,33.7,153.5,36.4,209.5,25.4,,+0.0 vs #40 WIPRO — behind on Valuation 16.4,Nifty Healthcare Index #9; Nifty Pharma #10,2
42,NSE:PIDILITIND,Pidilite Industries Limited,Chemicals,Specialty Chemicals,Large,149114.0,1464.0,56.5,1.55,46.16904,,39.357,13.76,,,20.5,17.7,24.1,17.2,7.4,24.4,3.8,62.2,0.402,21.5,-23.7,0.79,38.5,69.24,-0.09,-2.2,14.3,12969.6,6.324860737668847,51.8,70.7,70.7,26.1,15.4,2.0,16.1,6.3,4.9,ROE 4y avg 20.5%; Profit CAGR 24.4%; Debt/Equity 3.80; Operating margin 24.1%,PE vs sector 1.55×; P/B 13.8; EV/EBITDA 39.4×,,,25,,-0.8,-0.8,20.7,6.5,21.1,3.9,,"-0.5 vs #41 TORNTPHARM — behind on Growth 2.6, Trend 1.6",Nifty Chemicals #3,1
43,NSE:HINDUNILVR,Hindustan Unilever Limited,Fast Moving Consumer Goods,Household & Personal Products,Large,431385.0,1836.0,40.8,0.98,34.564598,3.69,28.701,8.85,,,23.1,20.1,20.7,22.6,2.3,14.1,3.0,34.7,0.321,20.5,-36.9,2.4,91.1,61.9,0.0,-15.8,31.2,28469.9,-8.066525724285157,46.1,70.5,70.5,26.3,11.1,7.5,15.7,6.2,3.8,ROE 4y avg 23.1%; Profit CAGR 14.1%; Debt/Equity 3.00; Interest cover 34.7×,Revenue CAGR 2.3%; PEG 3.69; EV/EBITDA 28.7×,,,26,,-27.6,-27.6,-25.6,-9.4,-32.1,-7.5,,"-0.2 vs #42 PIDILITIND — behind on Growth 4.3, Trend 1.1",Nifty FMCG #6,1
44,NSE:LT,Larsen & Toubro Limited,Construction,Engineering & Construction,Large,508162.0,3693.4,30.7,1.26,20.532993,1.06,16.579,4.65,,,14.2,11.7,10.6,5.6,16.1,15.4,97.6,10.1,0.507,24.4,-24.3,1.03,31.5,0.0,0.0,-6.7,16.8,62032.5,9.139288306110593,43.1,70.5,70.5,17.3,18.6,10.6,13.6,5.9,4.5,Revenue CAGR 16.1%; Profit CAGR 15.4%; forward P/E 20.5 vs P/E 30.7; Interest cover 10.1×,P/B 4.65; Net margin 5.6%; 3-5y CAGR 9.1%,,widely held (no promoter) - promoter checks not applicable,24,,0.6,0.6,20.2,6.3,117.7,16.8,,"+0.0 vs #43 HINDUNILVR — behind on Quality 9.0, Safety 2.1",,0
45,NSE:ADANIPOWER,Adani Power Limited,Power,Utilities - Independent Power Producers,Large,378385.0,196.21,26.5,0.98,24.734234,,19.651,5.83,,,31.7,19.8,35.9,24.1,12.5,6.2,82.3,6.2,0.455,49.2,-50.0,,0.0,74.96,0.0,3.8,22.8,43103.8,37.52451353579682,58.3,70.4,70.4,26.0,11.5,10.3,11.3,4.7,6.6,ROE 4y avg 31.7%; Net margin 24.1%; Interest cover 6.20×; forward P/E 24.7 vs P/E 26.5,Profit CAGR 6.2%; P/B 5.83; Dividend yield,,,25,,28.7,28.7,167.5,38.9,911.9,58.9,,"-0.1 vs #44 LT — behind on Growth 7.1, Safety 2.3",,0
46,NSE:ULTRACEMCO,UltraTech Cement Limited,Construction Materials,Building Materials,Large,315056.0,10710.0,36.9,1.09,24.78438,1.22,19.037,4.11,,,10.0,8.5,15.5,9.3,11.9,17.3,29.4,7.0,0.495,23.0,-20.6,2.24,26.7,59.33,0.1,-8.5,18.3,29157.7,8.378416475927363,44.4,70.1,70.1,15.6,17.2,10.2,15.6,7.3,4.2,Profit CAGR 17.3%; Debt/Equity 29.4; forward P/E 24.8 vs P/E 36.9; Interest cover 7.00×,ROE 4y avg 10.0%; P/B 4.11; Price vs 200-DMA -8.5%,,,26,,-11.5,-11.5,29.0,8.9,43.1,7.4,,"-0.3 vs #45 ADANIPOWER — behind on Quality 10.4, Trend 2.4",Nifty Cement #1,1
47,NSE:CIPLA,Cipla Limited,Healthcare,Drug Manufacturers - Specialty & Generic,Large,108578.0,1344.0,32.3,0.62,21.171803,,19.15,3.15,,,13.9,11.3,12.5,12.0,7.2,11.5,1.8,109.3,0.078,22.8,-28.3,0.97,31.2,29.21,0.02,-2.0,19.7,13928.6,3.880780545848306,49.1,69.9,69.9,16.8,12.3,15.4,15.9,5.3,4.3,PE vs sector 0.62×; Debt/Equity 1.80; forward P/E 21.2 vs P/E 32.3; Interest cover 109.3×,Operating margin 12.5%; 3-5y CAGR 3.9%,,,25,,-11.2,-11.2,13.6,4.4,36.3,6.4,,"-0.2 vs #46 ULTRACEMCO — behind on Growth 4.9, Shareholder 2.0",Nifty Healthcare Index #10,1
48,NSE:BOSCHLTD,Bosch Limited,Automobile and Auto Components,Auto Parts,Large,134148.0,45480.0,56.8,1.6,40.433975,,45.69,9.04,,,16.7,13.0,12.4,11.3,10.3,24.8,0.8,211.5,0.673,26.0,-32.5,0.59,63.9,70.54,0.0,16.8,9.0,15516.9,34.82831398711272,,69.5,69.5,21.8,17.0,2.5,15.5,6.0,6.7,Profit CAGR 24.8%; ROE 4y avg 16.7%; Debt/Equity 0.80; forward P/E 40.4 vs P/E 56.8,PE vs sector 1.60×; EV/EBITDA 45.7×; P/B 9.04,,,25,,18.7,18.7,142.4,34.4,194.4,24.1,,-0.4 vs #47 CIPLA — behind on Valuation 12.9,Nifty Auto #6,1
49,NSE:PNB,Punjab National Bank,Financial Services,Banks - Regional,Large,125928.0,109.57,5.7,0.27,6.388563,,,0.81,,15.0,9.4,3.3,48.0,38.1,10.0,76.4,,,0.5,34.4,-37.7,2.74,15.6,70.08,0.0,-3.9,18.9,17213.5,16.78989247619782,54.4,69.1,69.1,14.2,11.5,18.1,12.6,7.4,5.3,PE vs sector 0.27×; Net margin 38.1%; ROE latest 15.0%; P/E 5.70,ROE 4y avg 9.4%; forward P/E 6.4 vs P/E 5.7; ROE worst year 3.3%,,,22,,-2.6,-2.6,31.7,9.6,169.9,22.0,,"-0.4 vs #48 BOSCHLTD — behind on Quality 7.6, Growth 5.5",Nifty PSU Bank #7; Nifty Bank #10,2
50,NSE:HCLTECH,HCL Technologies Limited,Information Technology,Information Technology Services,Large,336354.0,1243.1,19.3,0.73,15.519085,2.39,1203.147,4.56,0.05,24.1,23.2,22.1,16.9,13.0,8.7,3.9,7.1,26.4,0.001,25.1,-44.8,4.83,93.4,60.88,0.07,-7.2,30.2,38371.4,2.9142466571506542,50.5,68.6,68.6,21.9,9.5,11.1,15.0,6.5,4.5,ROE 4y avg 23.2%; PE vs sector 0.73×; Debt/Equity 7.10; ROE latest 24.1%,Profit CAGR 3.9%; FCF yield 0.1%; PEG 2.39,,,28,,-10.5,-10.5,0.4,0.1,-2.4,-0.5,,"-0.5 vs #49 PNB — behind on Valuation 7.0, Growth 2.0",Nifty IT #7,1
51,NSE:NTPC,NTPC Limited,Power,Utilities - Regulated Electric,Large,305542.0,315.1,9.6,0.35,11.183265,,9.779,1.5,,,12.6,11.5,21.7,14.5,1.9,16.9,128.3,3.2,0.287,24.7,-32.3,3.92,27.1,51.1,0.0,-12.5,24.0,27544.6,12.688572626632165,50.9,68.2,68.2,18.4,8.2,18.6,10.2,7.7,5.0,Profit CAGR 16.9%; PE vs sector 0.35×; P/B 1.50; Dividend yield 3.9%,Revenue CAGR 1.9%; forward P/E 11.2 vs P/E 9.6; Debt/Equity 128.3,,,25,,-7.4,-7.4,30.6,9.3,125.2,17.6,,"-0.4 vs #50 HCLTECH — behind on Safety 4.8, Quality 3.5",,0
52,NSE:DIVISLAB,Divi's Laboratories Limited,Healthcare,Drug Manufacturers - Specialty & Generic,Large,245532.0,9249.0,84.0,1.61,61.465775,,61.103,14.65,,,14.0,11.8,36.7,26.0,11.0,12.1,0.0,148.3,0.245,26.9,-18.2,0.32,27.2,51.88,-0.01,31.3,5.0,46455.5,35.77514748120161,56.0,68.1,68.1,23.6,14.7,1.9,16.1,5.9,5.9,Operating margin 36.7%; Debt/Equity 0.00; forward P/E 61.5 vs P/E 84.0; Interest cover 148.3×,PE vs sector 1.61×; P/B 14.7; P/E 84.0,,,25,,62.0,62.0,148.3,35.5,91.4,13.9,,"-0.1 vs #51 NTPC — behind on Valuation 16.7, Shareholder 1.8",,0
53,NSE:TRENT,Trent Limited,Consumer Services,Apparel Retail,Large,137574.0,2580.0,76.3,1.35,50.63933,,46.942,19.7,,,26.7,17.1,12.5,8.6,34.8,57.0,36.0,14.3,0.371,37.6,-73.3,0.16,11.8,37.01,0.0,-7.5,47.4,26605.9,7.893814242191821,53.3,67.6,67.6,22.4,20.0,3.1,13.4,4.7,4.1,ROE 4y avg 26.7%; Revenue CAGR 34.8%; Profit CAGR 57.0%; Debt/Equity 36.0,PE vs sector 1.35×; P/B 19.7; P/E 76.3,,,25,,-19.9,-19.9,87.9,23.4,270.6,30.0,,"-0.5 vs #52 DIVISLAB — behind on Safety 2.7, Trend 1.8",,0
54,NSE:APOLLOHOSP,Apollo Hospitals Enterprise Limited,Healthcare,Medical Care Facilities,Large,116947.0,8133.5,55.9,1.07,37.328964,,33.588,12.34,,,16.1,13.0,12.2,7.9,14.8,33.3,85.1,8.5,0.197,25.4,-18.5,0.25,13.8,28.02,-1.32,1.0,10.3,29969.2,17.252383328607213,53.0,67.2,67.2,17.4,19.1,6.7,14.1,4.0,6.0,Profit CAGR 33.3%; Revenue CAGR 14.8%; ROE 4y avg 16.1%; forward P/E 37.3 vs P/E 55.9,Operating margin 12.2%; EV/EBITDA 33.6×; P/B 12.3,,,25,,9.3,9.3,58.9,16.7,82.4,12.8,,"-0.4 vs #53 TRENT — behind on Quality 5.0, Growth 0.9",,0
55,NSE:IRFC,Indian Railway Finance Corporation Limited,Financial Services,Credit Services,Mid,100706.0,77.06,14.0,0.67,10.556164,,,1.77,,,12.9,12.3,97.8,97.3,4.6,4.4,773.3,1.7,0.313,41.2,-63.3,3.76,38.2,82.9,-3.46,-21.6,43.8,6263.2,0.03332222839094179,48.4,67.1,67.1,21.4,6.9,19.1,9.6,6.9,3.3,PE vs sector 0.67×; forward P/E 10.6 vs P/E 14.0; P/B 1.77; Net margin 97.3%,Profit CAGR 4.4%; Revenue CAGR 4.6%; Max drawdown 3y -63.3%,,,21,,-38.6,-38.6,0.6,0.2,222.4,26.4,,"-0.1 vs #54 APOLLOHOSP — behind on Growth 12.2, Safety 4.5",,0
56,NSE:DLF,DLF Limited,Realty,Real Estate - Development,Large,162975.0,658.4,36.6,1.12,25.900347,0.14,125.829,3.58,,10.1,8.1,5.4,9.0,65.8,11.3,29.4,0.7,17.0,0.39,32.7,-46.1,1.22,33.4,74.08,0.0,5.8,16.3,26632.6,7.922440885679505,51.5,67.1,67.1,11.8,17.5,11.4,14.5,6.6,5.2,Profit CAGR 29.4%; Debt/Equity 0.70; Net margin 65.8%; forward P/E 25.9 vs P/E 36.6,ROE 4y avg 8.1%; Operating margin 9.0%; EV/EBITDA 125.8×,,,27,,-8.8,-8.9,22.2,6.9,57.8,9.6,,"+0.0 vs #55 IRFC — behind on Quality 9.6, Valuation 7.7",Nifty Realty #3; Nifty REITs & Realty #3,2
57,NSE:GAIL,GAIL (India) Limited,Oil Gas & Consumable Fuels,Utilities - Regulated Gas,Large,112579.0,171.22,11.4,1.0,9.30889,,8.943,1.26,,,11.2,8.5,14.8,6.7,-0.9,10.5,27.8,11.1,0.507,30.3,-39.5,3.21,39.9,51.79,-0.09,3.4,8.4,14490.6,14.826455314437448,43.0,66.9,66.9,14.2,8.2,15.8,14.8,7.7,6.1,Debt/Equity 27.8; Interest cover 11.1×; forward P/E 9.3 vs P/E 11.4; Dividend yield 3.2%,Revenue CAGR -0.9%,,,25,,-1.9,-1.9,38.1,11.4,57.4,9.5,,-0.2 vs #56 DLF — behind on Growth 9.3,Nifty Oil & Gas #5,1
58,NSE:BAJAJFINSV,Bajaj Finserv Limited,Financial Services,Financial Conglomerates,Large,277258.0,1732.6,27.4,1.3,18.252478,,11.788,3.56,,,13.0,12.3,40.2,6.5,22.9,15.2,256.4,2.0,0.371,26.2,-25.0,0.08,2.1,58.71,-0.1,-7.6,21.1,18234.4,3.8189651307481753,49.7,66.7,66.7,15.9,19.2,8.2,14.6,4.8,3.9,Revenue CAGR 22.9%; Profit CAGR 15.2%; forward P/E 18.3 vs P/E 27.4; ROE worst year 12.3%,PE vs sector 1.30×; Net margin 6.5%; P/B 3.56,,,21,,-13.7,-13.7,11.0,3.5,0.9,0.2,,"-0.2 vs #57 GAIL — behind on Valuation 7.6, Shareholder 2.9",,0
59,NSE:BPCL,Bharat Petroleum Corporation Limited,Oil Gas & Consumable Fuels,Oil & Gas Refining & Marketing,Large,128434.0,300.6,7.5,0.66,7.576785,0.28,5.537,1.28,,,20.4,4.0,-4.0,3.5,-1.2,129.7,54.3,12.8,0.87,28.7,-34.6,6.65,56.1,52.98,0.0,-6.6,23.2,16766.4,25.316531121165433,49.1,66.2,66.2,13.6,7.8,18.4,14.4,6.7,5.2,ROE 4y avg 20.4%; PE vs sector 0.66×; Debt/Equity 54.3; PEG 0.28,Revenue CAGR -1.2%; Operating margin -4.0%; Net margin 3.5%,,,26,,-11.5,-11.5,76.1,20.8,38.8,6.8,,"-0.5 vs #58 BAJAJFINSV — behind on Growth 11.4, Quality 2.3",Nifty Oil & Gas #6,1
60,NSE:HINDALCO,Hindalco Industries Limited,Metals & Mining,Aluminum,Large,209075.0,941.85,12.8,0.69,8.474311,,6.888,1.53,,,10.7,9.6,13.7,5.5,7.1,9.9,72.6,6.6,0.925,32.2,-26.2,0.53,6.8,34.66,0.02,-4.3,19.9,40391.7,24.48319961685119,44.1,65.6,65.6,12.6,11.2,18.4,13.4,4.6,5.4,PE vs sector 0.69×; forward P/E 8.5 vs P/E 12.8; Interest cover 6.60×; P/B 1.53,Net margin 5.5%,,,25,,23.0,23.0,96.2,25.2,94.5,14.2,,"-0.6 vs #59 BPCL — behind on Shareholder 2.1, Quality 1.0",Nifty Metal #9,1
61,NSE:MAXHEALTH,Max Healthcare Institute Limited,Healthcare,Medical Care Facilities,Mid,91584.0,940.95,63.3,1.22,40.24055,,42.029,8.52,,,13.1,11.5,19.7,16.7,22.4,9.3,32.4,8.8,0.113,34.1,-28.3,0.21,13.4,23.71,-0.03,-8.6,23.0,19953.5,17.421858411326106,41.7,65.1,65.1,19.5,15.7,5.7,14.8,3.9,5.6,Revenue CAGR 22.4%; Debt/Equity 32.4; forward P/E 40.2 vs P/E 63.3; Interest cover 8.80×,EV/EBITDA 42.0×; P/E 63.3; P/B 8.52,,,25,,-15.5,-15.5,58.9,16.7,162.3,21.3,,"-0.5 vs #60 HINDALCO — behind on Valuation 12.7, Shareholder 0.7",,0
62,NSE:INFY,Infosys Limited,Information Technology,Information Technology Services,Large,419211.0,1035.0,13.3,0.5,12.941654,1.83,934.68,4.54,0.08,32.0,31.1,28.2,21.2,16.4,3.4,3.6,9.5,96.9,0.108,26.0,-48.2,4.83,64.6,13.82,-0.48,-17.0,40.1,112597.8,-8.942515087654268,50.4,65.0,65.0,23.1,4.9,13.1,14.7,5.5,3.7,ROE 4y avg 31.1%; PE vs sector 0.50×; Debt/Equity 9.50; Operating margin 21.2%,Revenue CAGR 3.4%; Profit CAGR 3.6%; FCF yield 0.1%,,,28,,-28.4,-28.4,-27.8,-10.3,-37.8,-9.1,,"-0.1 vs #61 MAXHEALTH — behind on Growth 10.8, Trend 1.9",Nifty IT #8,1
63,NSE:ASIANPAINT,Asian Paints Limited,Consumer Durables,Specialty Chemicals,Large,230746.0,2407.0,48.5,1.0,39.693356,,32.935,10.8,,,23.5,18.9,17.7,12.8,1.1,1.7,17.8,31.7,0.282,22.1,-36.9,1.14,55.3,52.63,0.0,-5.4,19.4,18339.2,-8.462624881846182,49.3,64.8,64.8,26.3,4.8,7.3,15.4,6.5,4.5,ROE 4y avg 23.5%; Debt/Equity 17.8; Operating margin 17.7%; Interest cover 31.7×,Revenue CAGR 1.1%; Profit CAGR 1.7%; P/B 10.8,,,25,,3.0,3.1,-24.0,-8.8,-24.3,-5.4,,-0.2 vs #62 INFY — behind on Valuation 5.8,,0
64,NSE:HYUNDAI,Hyundai Motor India Limited,Automobile and Auto Components,Auto Manufacturers,Large,164458.0,2024.0,33.2,0.94,22.14442,,19.619,8.22,,,35.5,23.5,5.8,7.0,5.5,4.9,5.5,69.0,,29.3,-39.8,1.04,34.5,82.5,0.0,-1.0,21.9,15468.6,,46.9,64.7,64.7,19.0,7.6,11.0,14.8,6.2,6.0,ROE 4y avg 35.5%; Debt/Equity 5.50; forward P/E 22.1 vs P/E 33.2; Interest cover 69.0×,Profit CAGR 4.9%; Revenue CAGR 5.5%; Operating margin 5.8%,,,23,,-20.2,-20.2,,,,,3Y n/a: listed/data from 2024-10-22; 5Y n/a: listed/data from 2024-10-22,"-0.1 vs #63 ASIANPAINT — behind on Quality 7.3, Safety 0.6",Nifty Auto #9,1
65,NSE:BRITANNIA,Britannia Industries Limited,Fast Moving Consumer Goods,Packaged Foods,Large,115087.0,4778.0,44.2,1.06,36.71133,,31.6,22.54,,,54.9,49.6,15.2,13.4,5.7,3.0,26.9,31.0,0.413,20.4,-29.0,1.89,69.4,50.55,0.0,-13.7,23.8,13375.4,2.9142466571506542,50.3,63.9,63.9,23.4,7.0,7.2,15.7,6.6,4.1,ROE 4y avg 54.9%; Debt/Equity 26.9; Interest cover 31.0×; forward P/E 36.7 vs P/E 44.2,Profit CAGR 3.0%; Revenue CAGR 5.7%; P/B 22.5,,,25,,-19.9,-19.9,6.3,2.1,21.9,4.0,,"-0.8 vs #64 HYUNDAI — behind on Valuation 3.8, Trend 1.9",,0
66,NSE:BSE,BSE Limited,Financial Services,Financial Data & Stock Exchanges,Large,123707.0,3046.0,44.2,2.1,34.101826,,25.462,15.69,,,24.8,8.2,80.1,48.9,76.5,124.5,0.0,20620.6,0.443,49.3,-36.5,0.33,0.0,0.0,0.0,-8.5,31.5,131239.4,93.12469234667844,58.6,63.6,63.6,23.9,18.0,1.3,11.2,3.4,5.8,ROE 4y avg 24.8%; Revenue CAGR 76.5%; forward P/E 34.1 vs P/E 44.2; Net margin 48.9%,PE vs sector 2.10×; P/B 15.7; P/E 44.2,,widely held (no promoter) - promoter checks not applicable,19,,46.3,46.4,604.1,91.9,2148.9,86.4,,"-0.3 vs #65 BRITANNIA — behind on Valuation 5.9, Safety 4.5",,0
67,NSE:MOTHERSON,Samvardhana Motherson International Limited,Automobile and Auto Components,Auto Parts,Large,165372.0,157.03,37.7,1.06,22.609306,,15.52,4.04,,,9.3,6.7,5.0,3.4,17.1,37.2,43.9,5.0,1.044,36.7,-47.3,0.32,8.4,48.6,0.0,15.3,9.4,25286.1,34.38679362866597,45.7,62.9,62.9,6.5,19.5,12.2,12.7,5.2,6.8,Profit CAGR 37.2%; Revenue CAGR 17.1%; Debt/Equity 43.9; forward P/E 22.6 vs P/E 37.7,ROE 4y avg 9.3%; Operating margin 5.0%; Net margin 3.4%,,,25,,48.1,48.2,146.0,35.1,155.6,20.6,,-0.7 vs #66 BSE — behind on Quality 17.4,Nifty Auto #10,1
68,NSE:IOC,Indian Oil Corporation Limited,Oil Gas & Consumable Fuels,Oil & Gas Refining & Marketing,Large,185468.0,131.34,5.5,0.48,6.974254,,4.521,0.82,,,14.1,7.0,-0.1,3.9,-2.2,62.6,58.4,8.4,0.77,27.4,-38.5,6.28,40.9,51.5,0.0,-11.1,30.5,12658.1,17.783381192473556,45.3,62.7,62.7,11.5,6.0,19.5,14.1,6.9,4.7,PE vs sector 0.48×; Debt/Equity 58.4; Interest cover 8.40×; P/B 0.82,Revenue CAGR -2.2%; Operating margin -0.1%; forward P/E 7.0 vs P/E 5.5,,,25,,-12.3,-12.3,45.9,13.5,54.6,9.1,,"-0.2 vs #67 MOTHERSON — behind on Growth 13.5, Trend 2.1",Nifty Oil & Gas #7,1
69,NSE:ONGC,Oil & Natural Gas Corporation Limited,Oil Gas & Consumable Fuels,Oil & Gas Integrated,Large,279748.0,222.37,6.4,0.56,5.35464,,4.355,0.75,,,12.3,10.5,2.9,6.2,-1.3,4.1,42.5,7.3,0.097,30.5,-32.3,6.52,39.0,58.89,0.0,-13.9,27.7,26198.9,11.30672947307001,45.6,62.4,62.4,12.3,5.1,19.6,14.6,6.9,4.0,PE vs sector 0.56×; Debt/Equity 42.5; forward P/E 5.4 vs P/E 6.4; P/B 0.75,Revenue CAGR -1.3%; Profit CAGR 4.1%; Operating margin 2.9%,,,25,,-8.5,-8.5,20.5,6.4,52.0,8.7,,"-0.3 vs #68 IOC — behind on Growth 0.9, Trend 0.7",Nifty Oil & Gas #8,1
70,NSE:DRREDDY,Dr. Reddy's Laboratories Limited,Healthcare,Drug Manufacturers - Specialty & Generic,Mid,100475.0,1206.2,30.4,0.58,20.410103,1.68,18.265,2.62,-0.39,8.8,16.9,11.4,4.3,10.0,11.0,-1.7,18.6,15.7,0.242,21.6,-23.0,0.66,20.1,26.64,0.0,-3.2,14.8,25094.2,2.2809121769671536,42.1,62.1,62.1,12.6,9.4,15.0,16.0,4.8,4.3,ROE 4y avg 16.9%; PE vs sector 0.58×; Debt/Equity 18.6; forward P/E 20.4 vs P/E 30.4,Profit CAGR -1.7%; Operating margin 4.3%; FCF yield -0.4%,,,28,,-3.1,-3.1,10.4,3.4,21.7,4.0,,"-0.3 vs #69 ONGC — behind on Valuation 4.6, Shareholder 2.1",,0
71,NSE:JSWSTEEL,JSW Steel Limited,Metals & Mining,Steel,Large,300973.0,1233.0,12.2,0.66,16.923319,,10.329,3.01,,,11.1,4.4,15.3,13.1,3.6,75.3,95.4,4.5,0.627,27.3,-15.0,0.58,9.8,44.29,-1.02,-0.7,8.7,19980.4,15.629814749591088,39.9,60.8,60.8,14.0,7.2,15.9,12.9,5.0,5.9,"PE vs sector 0.66×; P/E 12.2; EV/EBITDA 10.3×; Size (market cap) 300,973 Cr",Revenue CAGR 3.6%; forward P/E 16.9 vs P/E 12.2; ROE worst year 4.4%,,,25,,7.6,7.6,60.1,17.0,82.9,12.8,,"-1.3 vs #70 DRREDDY — behind on Safety 3.1, Growth 2.2",Nifty Metal #10,1
72,NSE:TMCV,Tata Motors Limited,Capital Goods,Auto Manufacturers,Large,153977.0,418.1,36.7,0.71,17.850588,,16.771,12.09,,,30.6,23.8,6.9,4.8,-56.0,-69.3,44.1,6.3,,,,0.96,35.1,42.56,0.0,-3.2,17.9,30820.3,,38.6,60.1,60.1,17.3,4.0,12.0,15.6,5.9,5.2,ROE 4y avg 30.6%; PE vs sector 0.71×; Debt/Equity 44.1; forward P/E 17.9 vs P/E 36.7,Revenue CAGR -56.0%; Profit CAGR -69.3%; Operating margin 6.9%,,,21,,,,,,,,1Y n/a: listed/data from 2025-11-12; 3Y n/a: listed/data from 2025-11-12; 5Y n/a: listed/data from 2025-11-12,"-0.7 vs #71 JSWSTEEL — behind on Valuation 3.9, Growth 3.2",,0
73,NSE:SIEMENS,Siemens Limited,Capital Goods,Specialty Industrial Machinery,Large,135468.0,3804.0,80.0,1.54,56.13101,,72.674,9.79,,,15.5,13.3,7.5,19.0,3.0,10.9,2.2,152.1,0.576,30.0,-41.9,0.47,25.3,75.0,0.0,8.2,8.3,13505.4,19.675046765175285,47.6,59.1,59.1,19.3,9.5,2.8,14.9,6.1,6.5,ROE 4y avg 15.5%; Debt/Equity 2.20; forward P/E 56.1 vs P/E 80.0; Interest cover 152.1×,Revenue CAGR 3.0%; PE vs sector 1.54×; Operating margin 7.5%,,,25,,21.9,21.9,81.5,22.0,201.6,24.7,,"-1.0 vs #72 TMCV — behind on Valuation 9.2, Safety 0.7",,0
74,NSE:TECHM,Tech Mahindra Limited,Information Technology,Information Technology Services,Large,135812.0,1533.0,26.5,1.0,17.49139,1.86,14.036,4.58,,,14.5,8.8,14.4,8.7,2.2,-0.1,7.3,20.5,0.158,27.2,-29.1,3.33,88.2,34.97,-0.03,1.3,17.3,36818.9,9.501879967445293,46.3,58.9,58.9,15.7,4.7,12.1,15.6,5.8,5.0,Debt/Equity 7.30; forward P/E 17.5 vs P/E 26.5; Interest cover 20.5×; Dividend yield 3.3%,Profit CAGR -0.1%; Revenue CAGR 2.2%; Net margin 8.7%,,,26,,8.3,8.3,26.0,8.0,11.8,2.3,,"-0.2 vs #73 SIEMENS — behind on Growth 4.8, Quality 3.6",Nifty IT #10,1
75,NSE:AMBUJACEM,Ambuja Cements Limited,Construction Materials,Building Materials,Mid,90013.0,362.25,20.3,0.6,24.96358,5.15,16.372,1.51,,,8.1,7.6,7.9,11.1,8.9,34.6,1.2,15.8,0.208,33.2,-47.4,0.55,11.2,67.33,-0.35,-19.8,38.5,7671.7,-6.286977545993744,40.2,58.5,58.5,10.6,12.4,12.8,14.3,5.6,2.7,Profit CAGR 34.6%; PE vs sector 0.60×; Debt/Equity 1.20; Interest cover 15.8×,ROE 4y avg 8.1%; forward P/E 25.0 vs P/E 20.3; PEG 5.15,,,26,,-36.6,-36.6,-16.2,-5.7,-9.9,-2.1,,"-0.4 vs #74 TECHM — behind on Quality 5.1, Trend 2.3",Nifty Cement #4,1
76,NSE:DMART,Avenue Supermarts Limited,Consumer Services,Discount Stores,Large,248701.0,3813.0,80.9,1.44,55.333824,,46.159,10.14,,,13.3,12.1,6.4,4.3,17.1,7.7,9.9,29.8,0.225,28.0,-36.9,,0.0,74.48,-0.17,-4.9,17.9,20902.5,0.03332222839094179,36.7,56.2,56.2,14.3,14.4,3.6,15.2,4.7,4.0,Revenue CAGR 17.1%; Debt/Equity 9.90; forward P/E 55.3 vs P/E 80.9; Interest cover 29.8×,Profit CAGR 7.7%; PE vs sector 1.44×; Operating margin 6.4%,,,25,,-14.3,-14.3,2.3,0.8,-10.0,-2.1,,"-2.3 vs #75 AMBUJACEM — behind on Valuation 9.2, Shareholder 0.9",,0
77,NSE:SBILIFE,SBI Life Insurance Company Limited,Financial Services,Insurance - Life,Large,172746.0,1721.6,66.7,3.18,49.297573,,58.086,8.58,,13.7,13.3,12.7,1.7,2.1,11.1,12.8,,227.8,0.351,23.0,-28.1,0.16,10.4,55.32,-0.05,-8.2,19.2,17231.4,8.548422113763475,38.4,55.7,55.7,16.1,15.2,0.1,14.7,5.3,4.2,"forward P/E 49.3 vs P/E 66.7; ROE worst year 12.7%; Beta 0.35; Size (market cap) 172,746 Cr",PE vs sector 3.18×; P/B 8.58; Net margin 2.1%,,,22,,-4.4,-4.4,33.2,10.0,42.4,7.3,,-0.5 vs #76 DMART — behind on Valuation 3.5,,0
78,NSE:TATACONSUM,TATA CONSUMER PRODUCTS LIMITED,Fast Moving Consumer Goods,Packaged Foods,Mid,94713.0,957.0,57.8,1.39,40.034454,0.55,34.522,4.35,,,7.0,6.4,10.5,7.8,13.9,8.6,12.2,16.9,0.405,23.4,-29.0,1.04,60.5,33.83,-0.01,-13.8,25.4,12556.8,3.446517211481903,,55.4,55.4,7.7,14.0,9.1,15.7,5.5,3.4,Revenue CAGR 13.9%; Debt/Equity 12.2; forward P/E 40.0 vs P/E 57.8; Interest cover 16.9×,ROE 4y avg 7.0%; PE vs sector 1.39×; Operating margin 10.5%,,,26,,-16.4,-16.4,9.8,3.2,19.4,3.6,,"-0.3 vs #77 SBILIFE — behind on Quality 8.4, Growth 1.2",,0
79,NSE:RELIANCE,Reliance Industries Limited,Oil Gas & Consumable Fuels,Oil & Gas Refining & Marketing,Large,1580187.0,1167.7,21.1,1.85,16.352873,0.82,11.098,1.75,,,8.8,8.3,12.3,6.6,6.4,6.6,46.3,6.1,0.152,22.3,-27.2,0.51,20.8,50.48,0.41,-13.7,27.6,138216.9,-1.2488650453575278,39.5,55.0,55.0,11.0,9.1,10.7,15.1,6.1,3.2,Debt/Equity 46.3; forward P/E 16.4 vs P/E 21.1; PEG 0.82; Interest cover 6.10×,ROE 4y avg 8.8%; PE vs sector 1.85×; Profit CAGR 6.6%,,,26,,-14.7,-14.7,0.7,0.2,0.3,0.1,,"-0.4 vs #78 TATACONSUM — behind on Growth 4.9, Safety 0.6",,0
80,NSE:GRASIM,Grasim Industries Limited,Construction Materials,Building Materials,Large,200909.0,2962.0,35.3,1.04,19.612396,,12.509,1.94,,,5.9,3.8,18.8,3.1,14.3,-10.1,135.0,5.2,0.365,23.6,-19.2,0.34,11.9,43.74,0.63,-0.5,13.2,25108.3,15.878588783984092,,54.6,54.6,8.5,10.9,12.3,11.9,5.3,5.7,Revenue CAGR 14.3%; Operating margin 18.8%; forward P/E 19.6 vs P/E 35.3; Interest cover 5.20×,Profit CAGR -10.1%; ROE 4y avg 5.9%; Debt/Equity 135.0,,,25,,6.2,6.2,54.8,15.7,77.3,12.1,,"-0.4 vs #79 RELIANCE — behind on Safety 3.2, Quality 2.5",Nifty Cement #5,1
81,NSE:JIOFIN,Jio Financial Services Limited,Financial Services,Asset Management,Large,140317.0,212.5,65.8,3.13,47.64574,,,1.01,,,0.9,0.0,63.3,55.0,431.7,268.3,16.3,3.6,0.49,32.6,-48.2,0.28,15.5,49.13,2.01,-13.8,32.9,34758.9,-4.171602858744317,,51.5,51.5,6.8,18.0,6.3,11.6,5.7,3.1,Revenue CAGR 431.7%; forward P/E 47.6 vs P/E 65.8; P/B 1.01; Net margin 55.0%,ROE 4y avg 0.9%; PE vs sector 3.13×; ROE worst year 0.0%,,,21,,-29.2,-29.2,-8.2,-2.8,,,5Y n/a: listed/data from 2023-08-21,"-3.1 vs #80 GRASIM — behind on Valuation 6.0, Trend 2.6",,0
82,NSE:GODREJCP,Godrej Consumer Products Limited,Fast Moving Consumer Goods,Household & Personal Products,Mid,85971.0,840.0,44.8,1.07,31.016935,1.5,27.124,6.8,,,9.5,-4.4,17.2,12.1,4.6,3.0,34.9,9.3,0.341,26.3,-42.5,2.38,107.0,53.05,-0.02,-20.7,34.1,12837.6,-4.207915252194971,28.6,50.9,50.9,12.0,6.4,9.7,14.6,5.4,2.8,Debt/Equity 34.9; forward P/E 31.0 vs P/E 44.8; Interest cover 9.30×; Dividend yield 2.4%,Profit CAGR 3.0%; Revenue CAGR 4.6%; ROE 4y avg 9.5%,,,26,,-26.9,-26.9,-15.4,-5.4,-17.7,-3.8,,-0.6 vs #81 JIOFIN — behind on Growth 11.6,,0
83,NSE:ABB,ABB India Limited,Capital Goods,Specialty Industrial Machinery,Large,146217.0,6900.0,92.6,1.78,65.78928,,72.099,15.66,0.74,19.1,22.3,20.6,11.5,21.3,15.4,18.0,1.5,116.0,0.483,32.7,-47.5,0.57,52.7,75.0,0.0,4.3,12.9,19353.1,17.59084569401208,,50.0,68.6,21.7,18.7,1.4,14.5,6.1,6.2,ROE 4y avg 22.3%; Profit CAGR 18.0%; Revenue CAGR 15.4%; Debt/Equity 1.50,PE vs sector 1.78×; P/B 15.7; FCF yield 0.7%,very expensive (P/E 93),,27,,32.7,32.7,68.6,19.1,271.2,30.0,,-0.9 vs #82 GODREJCP — behind on Valuation 8.3,,0
84,NSE:POWERINDIA,Hitachi Energy India Limited,Capital Goods,Electrical Equipment & Parts,Large,139467.0,31290.0,122.0,2.35,62.365837,,90.495,26.95,,,12.0,7.7,15.8,12.6,22.2,119.1,1.7,104.4,0.568,45.5,-40.3,0.03,2.3,71.31,0.0,8.5,19.3,37207.9,92.91891678438446,,50.0,60.0,16.4,18.0,0.3,14.2,4.8,6.3,Revenue CAGR 22.2%; Debt/Equity 1.70; forward P/E 62.4 vs P/E 122.0; Interest cover 104.4×,PE vs sector 2.35×; P/B 26.9; P/E 122.0,very expensive (P/E 122),,25,,72.5,72.6,673.1,97.9,1175.5,66.4,,"+0.0 vs #83 ABB — behind on Quality 5.3, Shareholder 1.3",,0
85,NSE:CGPOWER,CG Power and Industrial Solutions Limited,Capital Goods,Electrical Equipment & Parts,Large,138484.0,879.0,111.1,2.14,63.116264,,85.703,17.37,,,35.4,15.1,10.4,9.8,21.2,7.8,1.4,134.6,0.42,36.4,-38.0,0.15,16.4,56.36,-1.69,10.3,10.4,30266.2,25.781767194354988,,50.0,63.3,20.9,14.9,0.7,14.8,5.2,6.7,ROE 4y avg 35.4%; Revenue CAGR 21.2%; Debt/Equity 1.40; forward P/E 63.1 vs P/E 111.1,PE vs sector 2.14×; Profit CAGR 7.8%; P/B 17.4,very expensive (P/E 111),,25,,18.8,18.8,97.8,25.6,607.4,47.9,,+0.0 vs #84 POWERINDIA — behind on Growth 3.1,,0
86,NSE:HDFCLIFE,HDFC Life Insurance Company Limited,Financial Services,Insurance - Life,Large,116031.0,534.2,58.5,2.79,45.252357,,47.711,5.95,,10.8,10.8,10.5,2.2,1.9,9.3,11.8,15.9,9.6,0.499,25.1,-36.7,0.39,23.0,50.54,0.26,-13.1,32.3,21023.6,-5.796126814531599,36.1,48.4,48.4,11.5,13.7,0.4,13.7,5.9,3.1,"forward P/E 45.3 vs P/E 58.5; Beta 0.50; Size (market cap) 116,031 Cr; Payout ratio 23.0%",PE vs sector 2.79×; P/B 5.95; Net margin 1.9%,,,22,,-30.1,-30.1,-15.7,-5.5,-26.8,-6.0,,"-1.6 vs #85 CGPOWER — behind on Quality 9.4, Trend 3.6",,0
87,NSE:TATASTEEL,Tata Steel Limited,Metals & Mining,Steel,Large,222043.0,178.0,20.1,1.08,9.944135,,9.008,2.17,,,4.5,-4.8,9.3,4.6,-1.6,7.2,89.0,3.2,0.857,30.1,-31.7,2.25,45.2,32.94,-0.25,-8.9,20.7,44253.6,12.924323465723408,,46.1,46.1,3.0,6.7,14.3,11.2,6.3,4.7,"forward P/E 9.9 vs P/E 20.1; EV/EBITDA 9.01×; Dividend yield 2.2%; Size (market cap) 222,043 Cr",ROE 4y avg 4.5%; Revenue CAGR -1.6%; Profit CAGR 7.2%,,,25,,6.3,6.3,39.1,11.6,37.1,6.5,,"-2.3 vs #86 HDFCLIFE — behind on Quality 8.5, Growth 7.0",,0
88,NSE:ETERNAL,ETERNAL LIMITED,Consumer Services,Internet Retail,Large,288957.0,313.9,667.9,11.85,83.313644,,165.112,9.28,,,-0.1,-5.0,0.2,0.6,97.7,,14.8,2.6,0.234,45.9,-39.1,,0.0,0.0,0.0,14.2,14.8,100261.4,46.682734695070785,,45.4,45.4,1.8,20.0,2.2,11.7,3.0,6.6,Revenue CAGR 97.7%; Debt/Equity 14.8; forward P/E 83.3 vs P/E 667.9; Beta 0.23,ROE 4y avg -0.1%; PE vs sector 11.8×; Operating margin 0.2%,very expensive (P/E 668),widely held (no promoter) - promoter checks not applicable,22,,-4.6,-4.6,198.1,44.0,127.5,17.9,,"-0.7 vs #87 TATASTEEL — behind on Valuation 12.1, Shareholder 3.3",,0
89,NSE:ADANIGREEN,Adani Green Energy Limited,Power,Utilities - Renewable,Large,210196.0,1276.1,122.0,4.5,42.77577,,27.3,10.9,,,11.0,8.3,66.8,13.1,16.6,19.3,346.5,1.3,1.056,52.0,-62.9,,0.0,62.43,0.52,6.5,21.8,25176.8,9.055270345031264,,45.0,51.7,17.8,19.0,0.8,4.0,4.8,5.2,Profit CAGR 19.3%; Revenue CAGR 16.6%; Operating margin 66.8%; forward P/E 42.8 vs P/E 122.0,PE vs sector 4.50×; Debt/Equity 346.5; P/B 10.9,high debt (D/E 346); weak interest cover (1.3×); very expensive (P/E 122),,25,,19.9,19.9,31.0,9.4,10.9,2.1,,"-0.4 vs #88 ETERNAL — behind on Safety 7.7, Valuation 1.4",,0
90,NSE:ADANIENSOL,Adani Energy Solutions Limited,Power,Utilities - Independent Power Producers,Large,162213.0,1326.4,54.7,2.02,36.208416,,21.483,6.27,,,8.4,4.8,25.0,9.6,27.7,22.0,194.5,1.9,0.652,50.3,-52.9,,0.0,73.39,2.2,2.8,25.9,38297.5,15.903407501552591,,45.0,49.1,11.0,19.8,2.4,5.5,4.9,5.6,"Revenue CAGR 27.7%; Profit CAGR 22.0%; forward P/E 36.2 vs P/E 54.7; Size (market cap) 162,213 Cr",ROE 4y avg 8.4%; PE vs sector 2.02×; Debt/Equity 194.5,high debt (D/E 194); weak interest cover (1.9×),,25,,48.0,48.0,64.2,18.0,-15.9,-3.4,,+0.0 vs #89 ADANIGREEN — behind on Quality 6.8,,0
91,NSE:POWERGRID,Power Grid Corporation of India Limited,Power,Utilities - Regulated Electric,Large,236747.0,254.55,12.5,0.46,13.149229,,9.629,2.36,,,17.3,15.8,55.7,33.8,0.6,1.1,150.8,2.8,0.156,25.0,-29.6,4.03,44.1,51.34,0.0,-10.7,21.7,22819.1,13.211133184799252,,45.0,67.3,26.2,1.7,17.1,9.3,7.7,5.2,ROE 4y avg 17.3%; PE vs sector 0.46×; Operating margin 55.7%; Net margin 33.8%,Revenue CAGR 0.6%; Profit CAGR 1.1%; Debt/Equity 150.8,high debt (D/E 151),,25,,-9.3,-9.3,27.6,8.5,76.9,12.1,,+0.0 vs #90 ADANIENSOL — behind on Growth 18.1,,0
92,NSE:TVSMOTOR,TVS Motor Company Limited,Automobile and Auto Components,Auto Manufacturers,Large,191088.0,4021.0,55.9,1.57,35.03993,,25.926,57.19,,,26.7,24.1,13.1,5.7,20.2,31.5,306.1,3.2,-0.044,27.5,-26.2,0.3,16.6,50.27,0.0,7.0,10.3,40623.1,40.59272510343113,,45.0,64.8,21.7,20.0,2.2,8.8,5.7,6.5,ROE 4y avg 26.7%; Revenue CAGR 20.2%; Profit CAGR 31.5%; forward P/E 35.0 vs P/E 55.9,PE vs sector 1.57×; Debt/Equity 306.1; P/B 57.2,high debt (D/E 306),,25,,16.3,16.3,162.8,38.1,613.0,48.1,,"+0.0 vs #91 POWERGRID — behind on Valuation 14.9, Quality 4.5",,0
93,NSE:TATAPOWER,Tata Power Company Limited,Power,Utilities - Independent Power Producers,Large,111885.0,350.15,29.0,1.07,21.262836,,14.027,2.83,,,10.9,9.5,14.5,6.1,4.1,3.9,168.1,2.3,0.324,32.0,-30.6,0.71,20.7,46.86,0.0,-9.4,24.7,14783.3,10.32958998464608,,45.0,48.6,11.6,6.6,11.9,8.2,6.0,4.3,"forward P/E 21.3 vs P/E 29.0; Beta 0.32; Size (market cap) 111,885 Cr; Payout ratio 20.7%",Profit CAGR 3.9%; Revenue CAGR 4.1%; Debt/Equity 168.1,high debt (D/E 168),,25,,-10.5,-10.5,32.7,9.9,113.8,16.4,,"+0.0 vs #92 TVSMOTOR — behind on Growth 13.4, Quality 10.1",,0
94,NSE:TITAN,Titan Company Limited,Consumer Durables,Luxury Goods,Large,400684.0,4515.7,69.4,1.43,50.774582,,48.104,25.53,,,31.4,27.4,12.3,6.2,29.2,16.0,195.0,6.8,0.184,24.1,-22.5,0.33,17.0,52.9,0.0,2.1,12.9,35656.8,11.8155979188878,,45.0,66.2,22.7,19.3,2.1,10.8,5.7,5.6,ROE 4y avg 31.4%; Revenue CAGR 29.2%; Profit CAGR 16.0%; forward P/E 50.8 vs P/E 69.4,Debt/Equity 195.0; PE vs sector 1.43×; P/B 25.5,high debt (D/E 195),,25,,32.5,32.5,41.3,12.2,108.7,15.9,,+0.0 vs #93 TATAPOWER — behind on Valuation 9.8,,0
95,NSE:VAML,Vedanta Aluminium Metal Limited,Metals & Mining,Aluminum,Large,157337.0,403.0,40.8,2.19,6.9045367,,,,,,112.2,49.4,45.3,56.3,,,,-5.7,,,,3.97,0.0,56.38,0.0,-9.4,25.0,36448.5,,,45.0,67.6,27.3,20.0,2.4,5.7,6.8,5.4,ROE 4y avg 112.2%; Operating margin 45.3%; forward P/E 6.9 vs P/E 40.8; Net margin 56.3%,PE vs sector 2.19×; Interest cover -5.70×; P/E 40.8,losses in more than one recent year; weak interest cover (-5.7×),,16,,,,,,,,1Y n/a: listed/data from 2026-06-15; 3Y n/a: listed/data from 2026-06-15; 5Y n/a: listed/data from 2026-06-15,+0.0 vs #94 TITAN — behind on Safety 5.1,,0
96,NSE:JINDALSTEL,JINDAL STEEL LIMITED,Metals & Mining,Steel,Large,111975.0,1100.5,41.2,2.22,12.501903,,14.028,2.2,,,9.1,6.0,11.2,4.8,-13.1,-5.4,43.6,3.8,0.673,34.0,-27.8,0.18,7.5,62.69,0.33,-3.8,15.7,10129.6,15.903407501552591,28.2,44.1,44.1,9.1,4.0,6.9,13.4,5.3,5.4,"Debt/Equity 43.6; forward P/E 12.5 vs P/E 41.2; Size (market cap) 111,975 Cr; Promoter holding 62.7%",Revenue CAGR -13.1%; Profit CAGR -5.4%; PE vs sector 2.22×,,,25,,3.3,3.3,57.3,16.3,174.0,22.3,,"-0.9 vs #95 VAML — behind on Quality 18.2, Growth 16.0",,0
97,NSE:ADANIENT,Adani Enterprises Limited,Metals & Mining,Thermal Coal,Large,381317.0,2816.8,49.0,2.63,42.782505,,31.374,4.5,,,10.3,7.5,9.4,6.5,-7.7,55.9,119.6,3.1,0.797,48.3,-51.7,0.05,2.3,71.97,-2.0,9.6,13.2,44733.6,3.8189651307481753,34.6,42.4,42.4,10.4,11.6,2.5,8.1,4.4,5.3,"Profit CAGR 55.9%; forward P/E 42.8 vs P/E 49.0; Size (market cap) 381,317 Cr; Promoter holding 72.0%",Revenue CAGR -7.7%; PE vs sector 2.63×; Operating margin 9.4%,,,25,,8.6,8.6,18.0,5.7,93.1,14.1,,"-1.7 vs #96 JINDALSTEL — behind on Safety 5.3, Valuation 4.4",,0
98,NSE:IDEA,Vodafone Idea Limited,Telecommunication,Telecom Services,Large,136946.0,12.64,3.6,0.08,-8.53881,,26.508,-3.83,,,2.9,-96.6,-3.8,82.3,2.1,,,2.6,0.446,54.1,-66.8,,0.0,25.64,0.07,3.6,19.9,48444.3,5.0717574498580165,,40.9,40.9,6.2,1.7,16.9,8.2,3.2,4.7,PE vs sector 0.08×; Net margin 82.3%; P/B -3.83; P/E 3.60,ROE 4y avg 2.9%; Revenue CAGR 2.1%; Operating margin -3.8%,losses in more than one recent year,,22,,48.4,48.4,5.3,1.7,10.9,2.1,,"-1.5 vs #97 ADANIENT — behind on Growth 9.9, Quality 4.2",,0
99,NSE:INDIGO,InterGlobe Aviation Limited,Services,Airlines,Large,190623.0,4929.9,,,21.194593,,10.342,27.33,,,114.4,-34.3,1.5,-5.4,15.6,,1112.7,0.7,0.617,31.7,-35.9,0.19,12.0,41.57,-1.97,2.7,17.4,35445.9,26.368953011360684,,35.0,52.7,12.2,18.2,5.6,6.1,4.5,6.0,"ROE 4y avg 114.4%; Revenue CAGR 15.6%; EV/EBITDA 10.3×; Size (market cap) 190,623 Cr",Debt/Equity 1112.7; Operating margin 1.5%; Interest cover 0.70×,loss-making (no P/E); losses in more than one recent year; high debt (D/E 1113); weak interest cover (0.7×),,22,,-12.1,-12.1,103.7,26.8,149.5,20.1,,"-5.9 vs #98 IDEA — behind on Valuation 11.3, Safety 2.1",,0
100,NSE:TMPV,Tata Motors Passenger Vehicles Limited,Automobile and Auto Components,Auto Manufacturers,Mid,102903.0,279.4,,,5.879559,0.27,12.782,0.92,,,34.9,5.3,2.7,22.8,-0.9,224.4,70.4,0.4,0.778,37.5,-75.5,1.07,56.4,42.51,-0.06,-18.8,62.2,26757.5,-22.917612218400073,,35.0,56.7,18.0,7.5,14.6,8.3,6.0,2.3,ROE 4y avg 34.9%; PEG 0.27; P/B 0.92; Net margin 22.8%,Revenue CAGR -0.9%; Operating margin 2.7%; Interest cover 0.40×,loss-making (no P/E); weak interest cover (0.4×),,24,,-61.1,-61.1,-55.0,-23.4,-16.2,-3.5,,"+0.0 vs #99 INDIGO — behind on Growth 10.7, Trend 3.7",,0
