Symbol,1Y %,1Y CAGR %,2Y %,2Y CAGR %,3Y %,3Y CAGR %,4Y %,4Y CAGR %,5Y %,5Y CAGR %,Returns note
NSE:360ONE,0.3,0.3,2.6,1.3,107.4,27.6,121.9,22.1,160.0,21.1,
NSE:AADHARHFC,-12.1,-12.1,-2.1,-1.1,,,,,,,3Y n/a: listed/data from 2024-05-15; 4Y n/a: listed/data from 2024-05-15; 5Y n/a: listed/data from 2024-05-15
NSE:AARTIIND,22.5,22.5,-20.8,-11.0,-5.2,-1.8,-37.0,-10.9,-50.6,-13.2,
NSE:AAVAS,-27.3,-27.3,-35.6,-19.8,-33.8,-12.9,-46.6,-14.5,-53.4,-14.2,
NSE:ABB,32.7,32.7,-16.5,-8.7,68.6,19.1,130.4,23.2,271.2,30.0,
NSE:ABBOTINDIA,-10.2,-10.2,-7.5,-3.8,16.1,5.1,42.5,9.3,21.8,4.0,
NSE:ABCAPITAL,25.1,25.1,55.0,24.5,107.6,27.6,241.7,36.0,235.0,27.4,
NSE:ABDL,28.2,28.2,98.6,41.0,,,,,,,3Y n/a: listed/data from 2024-07-02; 4Y n/a: listed/data from 2024-07-02; 5Y n/a: listed/data from 2024-07-02
NSE:ABREL,-33.2,-33.2,-61.9,-38.3,-1.2,-0.4,37.5,8.3,20.1,3.7,
NSE:ABSLAMC,24.0,24.0,32.2,15.0,126.4,31.4,119.1,21.7,41.8,7.3,
NSE:ACC,-35.3,-35.3,-52.9,-31.4,-41.9,-16.6,-48.6,-15.3,-47.1,-12.0,
NSE:ACE,13.3,13.4,-12.9,-6.7,79.9,21.6,332.1,44.3,368.2,36.2,
NSE:ACMESOLAR,50.0,50.1,,,,,,,,,2Y n/a: listed/data from 2024-11-13; 3Y n/a: listed/data from 2024-11-13; 4Y n/a: listed/data from 2024-11-13; 5Y n/a: listed/data from 2024-11-13
NSE:ACUTAAS,131.4,131.5,271.7,92.9,420.8,73.5,613.2,63.5,407.4,38.4,
NSE:ADANIENSOL,48.0,48.0,27.5,12.9,64.2,18.0,-57.5,-19.3,-15.9,-3.4,
NSE:ADANIENT,8.6,8.6,-11.6,-6.0,18.0,5.7,-10.8,-2.8,93.1,14.1,
NSE:ADANIGREEN,19.9,19.9,-32.3,-17.7,31.0,9.4,-38.5,-11.4,10.9,2.1,
NSE:ADANIPORTS,22.1,22.2,18.4,8.8,109.0,27.9,121.5,22.0,136.5,18.8,
NSE:ADANIPOWER,28.7,28.7,50.2,22.6,167.5,38.9,176.5,29.0,911.9,58.9,
NSE:AEGISLOG,78.0,78.1,83.3,35.4,325.9,62.2,430.0,51.8,512.1,43.7,
NSE:AEGISVOPAK,11.2,11.3,,,,,,,,,2Y n/a: listed/data from 2025-06-02; 3Y n/a: listed/data from 2025-06-02; 4Y n/a: listed/data from 2025-06-02; 5Y n/a: listed/data from 2025-06-02
NSE:AETHER,122.0,122.1,76.0,32.7,72.3,19.9,83.1,16.4,,,5Y n/a: listed/data from 2022-06-03
NSE:AFCONS,-46.6,-46.7,,,,,,,,,2Y n/a: listed/data from 2024-11-04; 3Y n/a: listed/data from 2024-11-04; 4Y n/a: listed/data from 2024-11-04; 5Y n/a: listed/data from 2024-11-04
NSE:AFFLE,-26.2,-26.2,-9.3,-4.8,30.0,9.2,16.3,3.9,33.9,6.0,
NSE:AIAENG,17.8,17.8,-12.1,-6.3,8.2,2.7,55.1,11.6,98.3,14.7,
NSE:AIIL,-12.6,-12.6,47.8,21.6,,,,,,,3Y n/a: listed/data from 2024-04-23; 4Y n/a: listed/data from 2024-04-23; 5Y n/a: listed/data from 2024-04-23
NSE:AJANTPHARM,49.3,49.4,10.1,4.9,99.9,26.0,178.3,29.2,137.6,18.9,
NSE:ALKEM,-4.4,-4.4,-15.1,-7.9,46.1,13.5,59.6,12.4,30.8,5.5,
NSE:AMBER,-21.1,-21.1,34.1,15.8,121.5,30.4,173.9,28.7,88.9,13.6,
NSE:AMBUJACEM,-36.6,-36.6,-42.7,-24.3,-16.2,-5.7,-25.9,-7.2,-9.9,-2.1,
NSE:ANANDRATHI,46.7,46.7,118.1,47.7,387.9,69.8,1185.0,89.5,,,5Y n/a: listed/data from 2021-12-14
NSE:ANANTRAJ,-17.3,-17.3,-20.6,-10.9,160.5,37.7,514.7,57.6,654.9,49.8,
NSE:ANGELONE,27.4,27.4,6.5,3.2,50.4,14.6,103.0,19.4,92.3,14.0,
NSE:ANTHEM,11.0,11.0,,,,,,,,,2Y n/a: listed/data from 2025-07-21; 3Y n/a: listed/data from 2025-07-21; 4Y n/a: listed/data from 2025-07-21; 5Y n/a: listed/data from 2025-07-21
NSE:ANURAS,9.2,9.2,51.8,23.2,32.4,9.8,60.1,12.5,48.9,8.3,
NSE:APARINDS,114.8,114.9,82.5,35.1,221.1,47.6,1274.4,92.7,2657.7,94.2,
NSE:APLAPOLLO,22.2,22.2,30.5,14.2,29.0,8.9,99.0,18.8,149.2,20.0,
NSE:APOLLOHOSP,9.3,9.3,13.7,6.6,58.9,16.7,86.3,16.9,82.4,12.8,
NSE:APOLLOTYRE,-13.5,-13.5,-26.5,-14.3,8.8,2.9,53.3,11.3,80.5,12.5,
NSE:APTUS,-30.3,-30.3,-35.7,-19.8,-23.9,-8.7,-26.8,-7.5,-26.6,-6.0,
NSE:ARE&M,-24.8,-24.8,-47.1,-27.3,16.2,5.1,55.3,11.6,-2.5,-0.5,
NSE:ASAHIINDIA,8.7,8.7,22.1,10.5,50.4,14.6,47.2,10.2,164.2,21.4,
NSE:ASHOKLEY,6.5,6.6,26.4,12.4,69.5,19.3,100.2,19.0,130.2,18.1,
NSE:ASIANPAINT,3.0,3.1,-26.6,-14.3,-24.0,-8.8,-27.1,-7.6,-24.3,-5.4,
NSE:ASTERDM,12.4,12.4,69.9,30.4,109.2,28.0,192.8,30.9,234.6,27.3,
NSE:ASTRAL,-2.4,-2.4,-31.9,-17.5,-28.9,-10.7,-18.6,-5.0,-18.5,-4.0,
NSE:ATGL,-9.1,-9.1,-25.9,-13.9,-4.5,-1.5,-81.2,-34.2,-59.0,-16.4,
NSE:ATHERENERG,139.5,139.6,,,,,,,,,2Y n/a: listed/data from 2025-05-06; 3Y n/a: listed/data from 2025-05-06; 4Y n/a: listed/data from 2025-05-06; 5Y n/a: listed/data from 2025-05-06
NSE:ATUL,-5.3,-5.3,-26.8,-14.4,-16.1,-5.7,-34.3,-10.0,-39.8,-9.7,
NSE:AUBANK,36.2,36.3,34.7,16.1,40.0,11.9,66.0,13.5,66.7,10.8,
NSE:AUROPHARMA,54.4,54.4,16.6,8.0,84.5,22.7,213.3,33.1,133.8,18.5,
NSE:AVANTIFEED,11.1,11.1,14.2,6.9,60.6,17.1,46.1,10.0,29.5,5.3,
NSE:AWL,-33.3,-33.3,-49.7,-29.1,-47.4,-19.3,-75.6,-29.7,,,5Y n/a: listed/data from 2022-02-08
NSE:AXISBANK,5.0,5.0,-0.8,-0.4,16.9,5.4,68.4,13.9,58.4,9.6,
NSE:AZAD,77.6,77.7,98.1,40.8,,,,,,,3Y n/a: listed/data from 2023-12-28; 4Y n/a: listed/data from 2023-12-28; 5Y n/a: listed/data from 2023-12-28
NSE:BAJAJ-AUTO,16.4,16.5,-17.4,-9.1,100.2,26.1,185.7,30.1,160.7,21.1,
NSE:BAJAJFINSV,-13.7,-13.7,-12.3,-6.3,11.0,3.5,5.2,1.3,0.9,0.2,
NSE:BAJAJHFL,-25.6,-25.6,-45.8,-26.4,,,,,,,3Y n/a: listed/data from 2024-09-16; 4Y n/a: listed/data from 2024-09-16; 5Y n/a: listed/data from 2024-09-16
NSE:BAJAJHLDNG,-11.1,-11.1,0.6,0.3,52.1,15.0,63.9,13.2,125.1,17.6,
NSE:BAJFINANCE,-4.0,-4.0,23.1,11.0,19.0,6.0,32.2,7.2,26.1,4.7,
NSE:BALKRISIND,-9.6,-9.6,-32.0,-17.5,-17.3,-6.1,11.4,2.7,-18.0,-3.9,
NSE:BALRAMCHIN,42.0,42.1,-4.6,-2.3,50.6,14.6,88.3,17.2,77.2,12.1,
NSE:BANDHANBNK,7.6,7.6,-9.9,-5.1,-30.7,-11.5,-32.6,-9.4,-39.1,-9.4,
NSE:BANKBARODA,-11.1,-11.1,-7.3,-3.7,6.0,1.9,80.3,15.9,180.0,22.9,
NSE:BANKINDIA,3.9,3.9,16.8,8.1,14.8,4.7,173.7,28.7,128.8,18.0,
NSE:BATAINDIA,-48.4,-48.4,-57.1,-34.5,-62.1,-27.7,-65.6,-23.5,-66.6,-19.7,
NSE:BBOX,49.5,49.6,57.6,25.5,304.0,59.4,476.7,55.1,289.7,31.3,
NSE:BDL,-29.4,-29.5,-3.5,-1.8,113.1,28.7,148.4,25.6,476.1,41.9,
NSE:BEL,-5.8,-5.8,34.9,16.2,175.2,40.2,289.1,40.5,469.7,41.6,
NSE:BELRISE,49.3,49.3,,,,,,,,,2Y n/a: listed/data from 2025-05-28; 3Y n/a: listed/data from 2025-05-28; 4Y n/a: listed/data from 2025-05-28; 5Y n/a: listed/data from 2025-05-28
NSE:BEML,-9.1,-9.1,6.8,3.4,69.8,19.3,168.7,28.1,227.3,26.8,
NSE:BERGEPAINT,-14.6,-14.6,-27.0,-14.6,-19.4,-7.0,-10.3,-2.7,-33.0,-7.7,
NSE:BHARATCOAL,,,,,,,,,,,1Y n/a: listed/data from 2026-01-19; 2Y n/a: listed/data from 2026-01-19; 3Y n/a: listed/data from 2026-01-19; 4Y n/a: listed/data from 2026-01-19; 5Y n/a: listed/data from 2026-01-19
NSE:BHARATFORG,53.7,53.8,22.5,10.7,73.0,20.1,171.0,28.3,157.7,20.8,
NSE:BHARTIARTL,-6.8,-6.8,2.5,1.2,88.2,23.5,116.7,21.4,157.6,20.8,
NSE:BHARTIHEXA,-17.0,-17.0,-1.3,-0.7,,,,,,,3Y n/a: listed/data from 2024-04-12; 4Y n/a: listed/data from 2024-04-12; 5Y n/a: listed/data from 2024-04-12
NSE:BHEL,75.3,75.4,50.1,22.5,221.0,47.6,595.3,62.5,541.8,45.0,
NSE:BIOCON,7.0,7.0,0.0,0.0,35.9,10.8,27.1,6.2,1.5,0.3,
NSE:BLS,-34.6,-34.6,-42.3,-24.0,-13.2,-4.6,54.5,11.5,241.8,27.9,
NSE:BLUESTARCO,-22.3,-22.3,-30.4,-16.6,64.9,18.2,159.3,26.9,221.0,26.3,
NSE:BOSCHLTD,18.7,18.7,20.2,9.6,142.4,34.4,191.2,30.7,194.4,24.1,
NSE:BPCL,-11.5,-11.5,-18.4,-9.7,76.1,20.8,94.7,18.2,38.8,6.8,
NSE:BRIGADE,-15.2,-15.2,-46.9,-27.2,30.6,9.3,47.0,10.1,84.9,13.1,
NSE:BRITANNIA,-19.9,-19.9,-25.9,-13.9,6.3,2.1,26.8,6.1,21.9,4.0,
NSE:BSE,46.3,46.4,136.8,53.9,604.1,91.9,1417.8,97.6,2148.9,86.4,
NSE:BSOFT,-23.0,-23.0,-54.7,-32.7,-45.7,-18.4,-3.3,-0.8,-32.1,-7.5,
NSE:CAMS,-11.4,-11.4,-26.1,-14.0,34.5,10.4,36.9,8.2,13.4,2.6,
NSE:CANBK,-4.4,-4.4,7.1,3.5,53.9,15.5,166.2,27.8,234.6,27.3,
NSE:CANFINHOME,-9.2,-9.2,-21.2,-11.2,-7.1,-2.4,47.8,10.3,5.9,1.2,
NSE:CANHLIFE,,,,,,,,,,,1Y n/a: listed/data from 2025-10-17; 2Y n/a: listed/data from 2025-10-17; 3Y n/a: listed/data from 2025-10-17; 4Y n/a: listed/data from 2025-10-17; 5Y n/a: listed/data from 2025-10-17
NSE:CAPLIPOINT,27.9,27.9,26.6,12.5,150.6,35.9,252.4,37.1,200.1,24.6,
NSE:CARBORUNIV,35.3,35.3,-15.7,-8.2,6.0,2.0,39.4,8.7,42.0,7.3,
NSE:CARTRADE,14.8,14.9,183.3,68.4,379.9,68.8,365.6,47.0,117.7,16.8,
NSE:CASTROLIND,-1.0,-1.0,-18.6,-9.8,44.4,13.1,77.7,15.5,42.1,7.3,
NSE:CCL,23.8,23.8,51.8,23.2,59.9,17.0,108.7,20.2,175.6,22.5,
NSE:CDSL,-15.8,-15.8,-13.5,-7.0,85.9,23.0,102.1,19.3,92.7,14.0,
NSE:CEATLTD,-5.8,-5.8,2.9,1.4,53.3,15.3,109.6,20.3,150.1,20.1,
NSE:CEMPRO,44.6,44.6,119.2,48.1,425.4,74.0,974.7,81.2,1408.5,72.1,
NSE:CENTRALBK,-20.3,-20.3,-48.8,-28.5,-42.9,-17.0,52.7,11.2,34.8,6.2,
NSE:CESC,-18.9,-18.9,-34.5,-19.1,44.6,13.1,68.7,14.0,44.0,7.6,
NSE:CGCL,32.0,32.1,20.7,9.9,,,,,,,3Y blanked: unadjusted -75% move on 2024-01-01; 4Y blanked: unadjusted -75% move on 2024-01-01; 5Y blanked: unadjusted -75% move on 2024-01-01
NSE:CGPOWER,18.8,18.8,17.0,8.2,97.8,25.6,282.8,39.9,607.4,47.9,
NSE:CHAMBLFERT,-21.8,-21.8,-27.1,-14.6,44.9,13.2,27.7,6.3,17.5,3.3,
NSE:CHENNPETRO,77.8,77.9,43.9,20.0,167.9,39.0,469.5,54.6,988.4,61.2,
NSE:CHOICEIN,-6.1,-6.1,50.3,22.6,241.1,50.6,546.1,59.5,,,5Y n/a: listed/data from 2022-04-08
NSE:CHOLAFIN,-1.6,-1.6,-0.1,-0.1,26.0,8.0,125.9,22.6,182.8,23.1,
NSE:CHOLAHLDNG,-28.2,-28.2,-34.8,-19.3,20.8,6.5,112.3,20.7,96.3,14.4,
NSE:CIEINDIA,-9.0,-9.0,-33.9,-18.7,-20.9,-7.5,32.7,7.3,56.9,9.4,
NSE:CIPLA,-11.2,-11.2,-19.3,-10.2,13.6,4.4,18.9,4.4,36.3,6.4,
NSE:CLEAN,-26.8,-26.8,-50.6,-29.8,-43.0,-17.1,-52.9,-17.2,-61.7,-17.5,
NSE:CLEANMAX,,,,,,,,,,,1Y n/a: listed/data from 2026-03-02; 2Y n/a: listed/data from 2026-03-02; 3Y n/a: listed/data from 2026-03-02; 4Y n/a: listed/data from 2026-03-02; 5Y n/a: listed/data from 2026-03-02
NSE:CMPDI,,,,,,,,,,,1Y n/a: listed/data from 2026-03-30; 2Y n/a: listed/data from 2026-03-30; 3Y n/a: listed/data from 2026-03-30; 4Y n/a: listed/data from 2026-03-30; 5Y n/a: listed/data from 2026-03-30
NSE:COALINDIA,8.2,8.2,-17.3,-9.1,44.0,13.0,95.6,18.3,122.8,17.4,
NSE:COCHINSHIP,-30.9,-30.9,-24.5,-13.1,140.8,34.1,430.3,51.8,615.3,48.2,
NSE:COFORGE,14.1,14.1,28.1,13.2,78.8,21.4,174.3,28.7,72.9,11.6,
NSE:COHANCE,-48.2,-48.2,-62.5,-38.8,-21.4,-7.7,1.9,0.5,-14.3,-3.0,
NSE:COLPAL,-22.0,-22.0,-54.6,-32.6,-12.3,-4.3,9.8,2.4,2.8,0.6,
NSE:CONCOR,-16.1,-16.1,-40.1,-22.6,-22.5,-8.2,-20.3,-5.5,-21.5,-4.7,
NSE:CONCORDBIO,-15.9,-15.9,-30.6,-16.7,27.7,8.5,,,,,4Y n/a: listed/data from 2023-08-18; 5Y n/a: listed/data from 2023-08-18
NSE:COROMANDEL,-21.7,-21.7,2.1,1.0,53.8,15.5,78.5,15.6,120.5,17.1,
NSE:CPPLUS,185.6,185.8,,,,,,,,,2Y n/a: listed/data from 2025-08-05; 3Y n/a: listed/data from 2025-08-05; 4Y n/a: listed/data from 2025-08-05; 5Y n/a: listed/data from 2025-08-05
NSE:CRAFTSMAN,52.8,52.9,57.6,25.6,120.8,30.3,273.9,39.1,387.3,37.3,
NSE:CREDITACC,-11.6,-11.6,3.5,1.8,-7.0,-2.4,24.6,5.7,94.3,14.2,
NSE:CRISIL,-0.5,-0.5,-4.6,-2.4,13.4,4.3,37.8,8.4,60.9,10.0,
NSE:CROMPTON,-30.8,-30.9,-53.1,-31.5,-33.4,-12.7,-49.5,-15.7,-58.5,-16.1,
NSE:CUB,44.7,44.7,87.1,36.8,143.0,34.5,81.5,16.1,93.3,14.1,
NSE:CUMMINSIND,26.3,26.3,25.4,12.0,189.5,42.6,310.8,42.4,429.4,39.6,
NSE:CUPID,619.1,620.0,1806.7,337.1,7462.9,323.9,13352.4,241.1,13343.8,166.5,
NSE:CYIENT,-3.9,-3.9,-42.3,-24.1,-35.0,-13.4,41.6,9.1,3.9,0.8,
NSE:DABUR,-24.4,-24.4,-39.5,-22.3,-32.4,-12.3,-32.8,-9.5,-39.4,-9.5,
NSE:DALBHARAT,-24.5,-24.6,-14.0,-7.3,-29.1,-10.8,8.3,2.0,-20.5,-4.5,
NSE:DATAPATTNS,61.6,61.6,84.7,35.9,100.0,26.0,291.8,40.8,,,5Y n/a: listed/data from 2021-12-24
NSE:DEEPAKFERT,-15.9,-15.9,17.2,8.2,99.9,26.0,48.3,10.4,213.0,25.6,
NSE:DEEPAKNTR,-18.9,-18.9,-49.5,-29.0,-29.6,-11.0,-27.2,-7.6,-37.3,-8.9,
NSE:DELHIVERY,-7.9,-7.9,-4.6,-2.3,-3.0,-1.0,-29.5,-8.4,,,5Y n/a: listed/data from 2022-05-24
NSE:DEVYANI,-26.0,-26.0,-34.1,-18.9,-41.9,-16.6,-34.0,-9.9,9.7,1.9,
NSE:DIVISLAB,62.0,62.0,70.5,30.6,148.3,35.5,148.2,25.6,91.4,13.9,
NSE:DIXON,-22.8,-22.8,-10.5,-5.4,139.7,33.9,195.4,31.1,162.1,21.3,
NSE:DLF,-8.8,-8.9,-27.9,-15.1,22.2,6.9,89.3,17.3,57.8,9.6,
NSE:DMART,-14.3,-14.3,-23.0,-12.3,2.3,0.8,-14.2,-3.8,-10.0,-2.1,
NSE:DOMS,-16.0,-16.0,-20.8,-11.0,,,,,,,3Y n/a: listed/data from 2023-12-20; 4Y n/a: listed/data from 2023-12-20; 5Y n/a: listed/data from 2023-12-20
NSE:DRREDDY,-3.1,-3.1,-10.6,-5.5,10.4,3.4,36.5,8.1,21.7,4.0,
NSE:ECLERX,-9.3,-9.3,17.1,8.2,93.8,24.7,158.9,26.9,145.1,19.6,
NSE:EICHERMOT,-1.4,-1.4,39.2,18.0,106.5,27.4,99.8,18.9,149.6,20.1,
NSE:EIDPARRY,-34.8,-34.8,-22.4,-11.9,29.8,9.1,15.0,3.6,57.5,9.5,
NSE:EIHOTEL,-18.5,-18.6,-21.9,-11.6,28.3,8.7,52.0,11.1,132.4,18.4,
NSE:ELECON,-25.0,-25.0,-36.8,-20.5,10.9,3.5,164.2,27.5,422.7,39.2,
NSE:ELGIEQUIP,21.3,21.3,-13.8,-7.2,13.5,4.3,38.3,8.5,187.8,23.5,
NSE:EMAMILTD,-31.3,-31.3,-50.6,-29.7,-30.3,-11.4,-25.2,-7.0,-34.6,-8.1,
NSE:EMCURE,49.1,49.1,30.0,14.0,,,,,,,3Y n/a: listed/data from 2024-07-10; 4Y n/a: listed/data from 2024-07-10; 5Y n/a: listed/data from 2024-07-10
NSE:EMMVEE,,,,,,,,,,,1Y n/a: listed/data from 2025-11-18; 2Y n/a: listed/data from 2025-11-18; 3Y n/a: listed/data from 2025-11-18; 4Y n/a: listed/data from 2025-11-18; 5Y n/a: listed/data from 2025-11-18
NSE:ENDURANCE,-7.5,-7.5,8.6,4.2,65.0,18.2,85.5,16.7,66.3,10.7,
NSE:ENGINERSIN,55.1,55.1,49.3,22.2,115.0,29.1,388.7,48.8,299.9,32.0,
NSE:ENRIN,-1.9,-1.9,,,,,,,,,2Y n/a: listed/data from 2025-06-19; 3Y n/a: listed/data from 2025-06-19; 4Y n/a: listed/data from 2025-06-19; 5Y n/a: listed/data from 2025-06-19
NSE:ESCORTS,-26.7,-26.7,-36.6,-20.4,-14.6,-5.1,29.5,6.7,81.2,12.6,
NSE:ETERNAL,-4.6,-4.6,14.5,7.0,198.1,44.0,407.1,50.1,127.5,17.9,
NSE:EXIDEIND,3.6,3.6,-20.0,-10.5,57.5,16.4,166.4,27.8,128.9,18.0,
NSE:FACT,-17.1,-17.1,-24.5,-13.1,38.1,11.4,575.2,61.3,483.1,42.3,
NSE:FEDERALBNK,64.2,64.3,61.4,27.1,111.1,28.3,173.6,28.7,282.7,30.8,
NSE:FINCABLES,77.8,77.8,2.7,1.4,32.6,9.9,215.3,33.3,204.8,25.0,
NSE:FIRSTCRY,-52.8,-52.8,-73.0,-48.0,,,,,,,3Y n/a: listed/data from 2024-08-13; 4Y n/a: listed/data from 2024-08-13; 5Y n/a: listed/data from 2024-08-13
NSE:FIVESTAR,-5.6,-5.6,-38.7,-21.7,-29.0,-10.8,,,,,4Y n/a: listed/data from 2022-11-21; 5Y n/a: listed/data from 2022-11-21
NSE:FLUOROCHEM,16.9,16.9,0.5,0.3,47.7,13.9,9.1,2.2,122.4,17.3,
NSE:FORCEMOT,-0.3,-0.3,120.3,48.5,336.9,63.6,1282.2,93.0,1054.0,63.1,
NSE:FORTIS,-20.7,-20.7,27.5,12.9,131.1,32.3,200.7,31.7,195.4,24.2,
NSE:FRACTAL,,,,,,,,,,,1Y n/a: listed/data from 2026-02-16; 2Y n/a: listed/data from 2026-02-16; 3Y n/a: listed/data from 2026-02-16; 4Y n/a: listed/data from 2026-02-16; 5Y n/a: listed/data from 2026-02-16
NSE:FSL,-23.2,-23.3,-19.8,-10.5,52.8,15.2,142.5,24.8,28.3,5.1,
NSE:GABRIEL,6.0,6.0,153.6,59.3,297.9,58.6,780.5,72.4,745.1,53.3,
NSE:GAIL,-1.9,-1.9,-28.6,-15.5,38.1,11.4,101.1,19.1,57.4,9.5,
NSE:GALLANTT,-20.5,-20.5,46.5,21.0,498.4,81.7,803.2,73.5,597.6,47.5,
NSE:GESHIP,53.9,53.9,27.4,12.9,79.1,21.5,186.4,30.1,316.8,33.0,
NSE:GICRE,-11.6,-11.6,-17.9,-9.4,45.1,13.2,160.9,27.1,124.6,17.6,
NSE:GILLETTE,-28.1,-28.1,-18.9,-10.0,12.9,4.1,33.0,7.4,17.5,3.3,
NSE:GLAND,45.1,45.1,59.6,26.4,70.5,19.5,34.8,7.8,-22.9,-5.1,
NSE:GLAXO,2.7,2.7,1.3,0.7,76.5,20.9,95.8,18.3,88.6,13.5,
NSE:GLENMARK,19.0,19.0,39.8,18.3,176.6,40.5,481.4,55.4,354.3,35.4,
NSE:GMDCLTD,-21.4,-21.4,36.8,17.0,48.0,14.0,262.2,38.0,546.8,45.3,
NSE:GMRAIRPORT,4.3,4.3,-0.8,-0.4,56.7,16.2,168.5,28.0,152.2,20.3,
NSE:GODFRYPHLP,-45.2,-45.2,-18.6,-9.8,158.3,37.3,388.8,48.8,340.1,34.5,
NSE:GODREJCP,-26.9,-26.9,-39.5,-22.2,-15.4,-5.4,-5.1,-1.3,-17.7,-3.8,
NSE:GODREJIND,-14.2,-14.2,-14.5,-7.5,72.8,20.0,136.4,24.0,80.5,12.5,
NSE:GODREJPROP,-21.4,-21.4,-50.9,-30.0,2.6,0.9,37.1,8.2,-28.5,-6.5,
NSE:GPIL,-12.6,-12.6,0.7,0.4,,,,,,,3Y blanked: unadjusted -80% move on 2024-01-01; 4Y blanked: unadjusted -80% move on 2024-01-01; 5Y blanked: unadjusted -80% move on 2024-01-01
NSE:GRANULES,51.4,51.5,41.9,19.1,130.6,32.2,136.3,24.0,151.1,20.2,
NSE:GRAPHITE,43.3,43.3,30.7,14.3,59.3,16.8,118.8,21.7,31.2,5.6,
NSE:GRASIM,6.2,6.2,5.7,2.8,54.8,15.7,81.7,16.1,77.3,12.1,
NSE:GRAVITA,-9.4,-9.4,-42.7,-24.3,59.8,16.9,351.1,45.8,614.2,48.2,
NSE:GROWW,,,,,,,,,,,1Y n/a: listed/data from 2025-11-12; 2Y n/a: listed/data from 2025-11-12; 3Y n/a: listed/data from 2025-11-12; 4Y n/a: listed/data from 2025-11-12; 5Y n/a: listed/data from 2025-11-12
NSE:GRSE,-20.2,-20.2,23.6,11.2,154.3,36.6,494.3,56.2,1029.8,62.4,
NSE:GVT&D,38.4,38.4,152.3,58.9,898.9,115.6,3377.7,143.1,3238.5,101.7,
NSE:HAL,-4.2,-4.2,4.0,2.0,135.1,33.0,301.6,41.6,587.7,47.1,
NSE:HAVELLS,-30.0,-30.0,-48.0,-27.9,-25.1,-9.2,-21.4,-5.9,-23.5,-5.2,
NSE:HBLENGINE,-6.6,-6.6,23.9,11.3,177.2,40.6,738.9,70.3,1522.0,74.6,
NSE:HCLTECH,-10.5,-10.5,-31.6,-17.3,0.4,0.1,33.6,7.5,-2.4,-0.5,
NSE:HDBFS,-19.7,-19.7,,,,,,,,,2Y n/a: listed/data from 2025-07-02; 3Y n/a: listed/data from 2025-07-02; 4Y n/a: listed/data from 2025-07-02; 5Y n/a: listed/data from 2025-07-02
NSE:HDFCAMC,-16.9,-16.9,5.8,2.8,73.5,20.2,151.1,25.9,57.4,9.5,
NSE:HDFCBANK,-25.3,-25.3,-16.4,-8.6,-4.4,-1.5,2.1,0.5,-8.9,-1.8,
NSE:HDFCLIFE,-30.1,-30.1,-24.8,-13.3,-15.7,-5.5,3.0,0.7,-26.8,-6.0,
NSE:HEGAM,,,,,,,,,,,1Y blanked: unadjusted -63% move on 2026-09-07; 2Y blanked: unadjusted -63% move on 2026-09-07; 3Y blanked: unadjusted -63% move on 2026-09-07; 4Y blanked: unadjusted -63% move on 2026-09-07; 5Y blanked: unadjusted -63% move on 2026-09-07
NSE:HEROMOTOCO,-4.9,-4.9,-10.1,-5.2,71.4,19.7,104.6,19.6,81.5,12.7,
NSE:HEXT,-27.5,-27.6,,,,,,,,,2Y n/a: listed/data from 2025-02-19; 3Y n/a: listed/data from 2025-02-19; 4Y n/a: listed/data from 2025-02-19; 5Y n/a: listed/data from 2025-02-19
NSE:HFCL,224.7,224.9,60.4,26.7,207.6,45.5,222.8,34.1,229.9,27.0,
NSE:HINDALCO,23.0,23.0,23.7,11.2,96.2,25.2,147.2,25.4,94.5,14.2,
NSE:HINDCOPPER,37.8,37.9,32.4,15.1,187.2,42.2,341.8,45.1,320.7,33.3,
NSE:HINDPETRO,-20.6,-20.6,-22.5,-11.9,103.4,26.8,139.5,24.4,73.1,11.6,
NSE:HINDUNILVR,-27.6,-27.6,-37.2,-20.8,-25.6,-9.4,-30.0,-8.5,-32.1,-7.5,
NSE:HINDZINC,15.3,15.3,6.8,3.3,80.8,21.9,108.6,20.2,81.3,12.6,
NSE:HOMEFIRST,-8.8,-8.8,-5.0,-2.5,35.3,10.6,28.9,6.6,89.0,13.6,
NSE:HONASA,49.3,49.4,-6.0,-3.0,,,,,,,3Y n/a: listed/data from 2023-11-07; 4Y n/a: listed/data from 2023-11-07; 5Y n/a: listed/data from 2023-11-07
NSE:HONAUT,-7.0,-7.0,-32.2,-17.7,-16.0,-5.6,-15.1,-4.0,-25.1,-5.6,
NSE:HSCL,48.4,48.4,-0.4,-0.2,162.1,37.9,584.7,61.9,1190.3,66.8,
NSE:HUDCO,-30.5,-30.5,-31.5,-17.3,78.8,21.4,354.4,46.1,261.8,29.3,
NSE:HYUNDAI,-20.2,-20.2,,,,,,,,,2Y n/a: listed/data from 2024-10-22; 3Y n/a: listed/data from 2024-10-22; 4Y n/a: listed/data from 2024-10-22; 5Y n/a: listed/data from 2024-10-22
NSE:ICICIAMC,,,,,,,,,,,1Y n/a: listed/data from 2025-12-19; 2Y n/a: listed/data from 2025-12-19; 3Y n/a: listed/data from 2025-12-19; 4Y n/a: listed/data from 2025-12-19; 5Y n/a: listed/data from 2025-12-19
NSE:ICICIBANK,-4.5,-4.5,2.8,1.4,39.4,11.7,54.5,11.5,89.3,13.6,
NSE:ICICIGI,-17.9,-17.9,-27.4,-14.8,19.7,6.2,38.9,8.6,-1.2,-0.2,
NSE:ICICIPRULI,-24.9,-24.9,-41.6,-23.6,-19.8,-7.1,-12.1,-3.2,-32.9,-7.7,
NSE:IDBI,-6.3,-6.3,-1.4,-0.7,22.6,7.0,110.1,20.4,73.3,11.6,
NSE:IDEA,48.4,48.4,24.3,11.5,5.3,1.7,42.8,9.3,10.9,2.1,
NSE:IDFCFIRSTB,16.5,16.5,9.5,4.6,-14.6,-5.1,62.9,13.0,69.8,11.2,
NSE:IEX,-24.9,-24.9,-49.1,-28.7,-20.3,-7.3,-24.2,-6.7,-48.7,-12.5,
NSE:IFCI,17.7,17.7,0.1,0.0,172.0,39.7,585.7,61.9,399.2,37.9,
NSE:IGIL,-13.2,-13.2,,,,,,,,,2Y n/a: listed/data from 2024-12-30; 3Y n/a: listed/data from 2024-12-30; 4Y n/a: listed/data from 2024-12-30; 5Y n/a: listed/data from 2024-12-30
NSE:IGL,-31.7,-31.7,-48.9,-28.5,-38.2,-14.8,-26.0,-7.3,-46.1,-11.6,
NSE:IIFL,29.1,29.1,24.9,11.8,-4.7,-1.6,63.2,13.0,103.4,15.3,
NSE:IKS,19.3,19.3,,,,,,,,,2Y n/a: listed/data from 2024-12-19; 3Y n/a: listed/data from 2024-12-19; 4Y n/a: listed/data from 2024-12-19; 5Y n/a: listed/data from 2024-12-19
NSE:INDHOTEL,-0.7,-0.7,5.3,2.6,73.8,20.3,113.2,20.9,302.2,32.1,
NSE:INDIACEM,-24.6,-24.6,-19.0,-10.0,26.8,8.3,16.4,3.9,47.0,8.0,
NSE:INDIAMART,-32.5,-32.5,-46.0,-26.5,-43.8,-17.5,-27.5,-7.7,-61.0,-17.2,
NSE:INDIANB,7.6,7.6,50.5,22.7,79.7,21.6,318.8,43.1,459.3,41.1,
NSE:INDIGO,-12.1,-12.1,0.5,0.3,103.7,26.8,174.4,28.7,149.5,20.1,
NSE:INDUSINDBK,19.3,19.4,-37.1,-20.7,-38.2,-14.9,-23.3,-6.4,-19.7,-4.3,
NSE:INDUSTOWER,6.9,6.9,-2.0,-1.0,97.2,25.5,90.8,17.6,19.2,3.6,
NSE:INFY,-28.4,-28.4,-45.7,-26.3,-27.8,-10.3,-25.7,-7.2,-37.8,-9.1,
NSE:INOXINDIA,86.9,87.0,84.7,35.9,,,,,,,3Y n/a: listed/data from 2023-12-21; 4Y n/a: listed/data from 2023-12-21; 5Y n/a: listed/data from 2023-12-21
NSE:INOXWIND,-51.6,-51.7,-71.3,-46.4,43.0,12.7,88.4,17.2,177.4,22.6,
NSE:INTELLECT,-37.4,-37.4,-34.0,-18.8,-12.9,-4.5,19.4,4.5,-12.6,-2.7,
NSE:IOB,-23.2,-23.2,-47.2,-27.3,-37.2,-14.4,74.1,14.9,35.0,6.2,
NSE:IOC,-12.3,-12.3,-26.7,-14.4,45.9,13.5,96.9,18.5,54.6,9.1,
NSE:IPCALAB,46.4,46.4,30.3,14.2,107.7,27.6,107.9,20.1,60.4,9.9,
NSE:IRB,-18.0,-18.0,-44.6,-25.6,10.4,3.4,62.6,12.9,61.8,10.1,
NSE:IRCON,-36.5,-36.5,-51.0,-30.0,-24.6,-9.0,170.2,28.3,144.5,19.6,
NSE:IRCTC,-35.7,-35.7,-51.2,-30.2,-35.5,-13.6,-35.7,-10.5,-40.1,-9.8,
NSE:IREDA,-27.3,-27.3,-51.9,-30.7,,,,,,,3Y n/a: listed/data from 2023-11-29; 4Y n/a: listed/data from 2023-11-29; 5Y n/a: listed/data from 2023-11-29
NSE:IRFC,-38.6,-38.6,-50.4,-29.6,0.6,0.2,262.6,38.1,222.4,26.4,
NSE:ITC,-36.9,-36.9,-48.5,-28.3,-39.6,-15.5,-18.1,-4.9,12.9,2.5,
NSE:ITCHOTELS,-28.4,-28.4,,,,,,,,,2Y n/a: listed/data from 2025-01-29; 3Y n/a: listed/data from 2025-01-29; 4Y n/a: listed/data from 2025-01-29; 5Y n/a: listed/data from 2025-01-29
NSE:ITI,-21.3,-21.3,-8.9,-4.6,20.2,6.3,122.9,22.2,94.2,14.2,
NSE:J&KBANK,34.4,34.4,32.7,15.2,30.3,9.2,404.4,49.9,268.9,29.8,
NSE:JAINREC,-9.2,-9.3,,,,,,,,,2Y n/a: listed/data from 2025-10-06; 3Y n/a: listed/data from 2025-10-06; 4Y n/a: listed/data from 2025-10-06; 5Y n/a: listed/data from 2025-10-06
NSE:JBMA,-20.1,-20.1,-40.6,-22.9,-17.6,-6.3,171.8,28.4,415.6,38.8,
NSE:JINDALSAW,32.2,32.2,-26.5,-14.3,48.1,14.0,563.7,60.6,376.1,36.6,
NSE:JINDALSTEL,3.3,3.3,6.3,3.1,57.3,16.3,162.3,27.3,174.0,22.3,
NSE:JIOFIN,-29.2,-29.2,-39.5,-22.2,-8.2,-2.8,,,,,4Y n/a: listed/data from 2023-08-21; 5Y n/a: listed/data from 2023-08-21
NSE:JKCEMENT,-21.5,-21.5,7.2,3.5,55.1,15.8,94.3,18.1,54.3,9.1,
NSE:JKTYRE,-7.1,-7.1,-20.5,-10.8,22.1,6.9,112.8,20.8,128.6,18.0,
NSE:JMFINANCIL,-24.4,-24.4,-19.8,-10.5,46.6,13.6,72.8,14.7,34.1,6.0,
NSE:JPPOWER,-16.7,-16.7,-22.7,-12.1,47.3,13.8,105.6,19.8,252.4,28.7,
NSE:JSL,-3.9,-3.9,-4.5,-2.3,47.9,13.9,472.2,54.8,335.2,34.2,
NSE:JSWCEMENT,-19.4,-19.4,,,,,,,,,2Y n/a: listed/data from 2025-08-14; 3Y n/a: listed/data from 2025-08-14; 4Y n/a: listed/data from 2025-08-14; 5Y n/a: listed/data from 2025-08-14
NSE:JSWENERGY,-9.6,-9.6,-33.0,-18.1,9.6,3.1,66.2,13.6,25.9,4.7,
NSE:JSWINFRA,12.8,12.8,3.5,1.7,127.2,31.5,,,,,4Y n/a: listed/data from 2023-10-03; 5Y n/a: listed/data from 2023-10-03
NSE:JSWSTEEL,7.6,7.6,20.0,9.6,60.1,17.0,97.7,18.6,82.9,12.8,
NSE:JUBLFOOD,-28.4,-28.4,-32.7,-18.0,-17.9,-6.4,-27.9,-7.9,-45.2,-11.3,
NSE:JUBLINGREA,-1.8,-1.8,-17.7,-9.3,32.9,10.0,25.0,5.8,-14.7,-3.1,
NSE:JWL,-33.8,-33.8,-56.5,-34.0,-28.7,-10.7,211.4,32.9,570.4,46.3,
NSE:JYOTICNC,17.6,17.6,-10.7,-5.5,,,,,,,3Y n/a: listed/data from 2024-01-16; 4Y n/a: listed/data from 2024-01-16; 5Y n/a: listed/data from 2024-01-16
NSE:KAJARIACER,2.8,2.8,-17.3,-9.1,-9.2,-3.2,2.2,0.6,2.1,0.4,
NSE:KALYANKJIL,13.6,13.6,-29.5,-16.1,130.1,32.1,460.7,54.0,619.0,48.4,
NSE:KARURVYSYA,54.5,54.5,82.3,35.0,190.7,42.8,395.1,49.2,730.6,52.7,
NSE:KAYNES,-52.5,-52.5,-37.8,-21.2,41.7,12.4,,,,,4Y n/a: listed/data from 2022-11-22; 5Y n/a: listed/data from 2022-11-22
NSE:KEC,-56.4,-56.4,-64.6,-40.5,-45.2,-18.2,-16.8,-4.5,-15.5,-3.3,
NSE:KEI,11.6,11.6,4.3,2.1,66.7,18.6,218.9,33.7,366.3,36.1,
NSE:KFINTECH,-23.0,-23.0,-26.8,-14.5,71.4,19.7,,,,,4Y n/a: listed/data from 2022-12-29; 5Y n/a: listed/data from 2022-12-29
NSE:KIMS,7.0,7.0,32.4,15.1,90.5,24.0,144.4,25.1,203.7,24.9,
NSE:KIRLOSBROS,-11.8,-11.8,-3.1,-1.5,114.4,29.0,436.4,52.3,330.2,33.9,
NSE:KIRLOSENG,142.2,142.4,88.7,37.4,305.4,59.6,877.0,76.9,1008.1,61.8,
NSE:KOTAKBANK,1.4,1.4,11.3,5.5,21.1,6.6,17.3,4.1,4.9,1.0,
NSE:KPIL,9.0,9.0,0.5,0.3,108.7,27.8,219.8,33.8,235.0,27.4,
NSE:KPITTECH,-57.3,-57.4,-70.6,-45.8,-56.5,-24.2,-25.3,-7.0,45.5,7.8,
NSE:KPRMILL,1.7,1.7,11.5,5.6,37.7,11.3,101.5,19.2,151.4,20.2,
NSE:KSB,-0.8,-0.8,-11.0,-5.7,32.5,9.9,96.0,18.4,227.2,26.8,
NSE:LALPATHLAB,26.6,26.6,17.4,8.4,59.3,16.8,67.7,13.8,8.2,1.6,
NSE:LAURUSLABS,127.5,127.7,322.8,105.7,399.2,71.1,287.2,40.3,220.4,26.2,
NSE:LEMONTREE,-35.2,-35.3,-11.6,-6.0,-8.9,-3.1,22.7,5.3,136.1,18.8,
NSE:LENSKART,,,,,,,,,,,1Y n/a: listed/data from 2025-11-10; 2Y n/a: listed/data from 2025-11-10; 3Y n/a: listed/data from 2025-11-10; 4Y n/a: listed/data from 2025-11-10; 5Y n/a: listed/data from 2025-11-10
NSE:LGEINDIA,1.9,2.0,,,,,,,,,2Y n/a: listed/data from 2025-10-14; 3Y n/a: listed/data from 2025-10-14; 4Y n/a: listed/data from 2025-10-14; 5Y n/a: listed/data from 2025-10-14
NSE:LICHSGFIN,-11.8,-11.8,-22.8,-12.1,6.6,2.2,26.5,6.1,18.9,3.5,
NSE:LICI,-13.3,-13.3,-21.6,-11.5,21.4,6.7,26.3,6.0,,,5Y n/a: listed/data from 2022-05-17
NSE:LINDEINDIA,-0.3,-0.3,-25.7,-13.8,4.4,1.4,87.3,17.0,137.7,18.9,
NSE:LLOYDSME,43.8,43.8,81.2,34.6,223.1,47.9,,,,,4Y n/a: listed/data from 2023-07-17; 5Y n/a: listed/data from 2023-07-17
NSE:LODHA,-3.0,-3.0,-9.5,-4.8,40.2,12.0,138.8,24.3,109.6,16.0,
NSE:LT,0.6,0.6,1.1,0.5,20.2,6.3,103.0,19.4,117.7,16.8,
NSE:LTF,2.2,2.2,40.5,18.6,95.8,25.2,265.4,38.3,194.9,24.1,
NSE:LTFOODS,-0.5,-0.5,0.0,0.0,138.6,33.7,242.0,36.1,455.5,40.9,
NSE:LTM,-21.8,-21.8,-36.1,-20.1,-23.1,-8.4,-10.0,-2.6,-30.3,-7.0,
NSE:LTTS,-21.9,-22.0,-38.9,-21.8,-28.5,-10.6,-6.4,-1.6,-29.6,-6.8,
NSE:LUPIN,2.5,2.5,-7.4,-3.8,73.0,20.1,181.3,29.6,110.2,16.0,
NSE:M&M,-17.4,-17.4,-9.7,-5.0,86.0,23.0,128.6,23.0,245.5,28.1,
NSE:M&MFIN,17.0,17.0,-3.1,-1.6,6.2,2.0,77.9,15.5,71.6,11.4,
NSE:MAHABANK,43.9,43.9,34.4,16.0,62.6,17.6,358.7,46.4,302.5,32.1,
NSE:MANAPPURAM,7.9,7.9,56.4,25.1,106.2,27.3,222.6,34.1,72.0,11.5,
NSE:MANKIND,3.9,3.9,-1.7,-0.9,41.0,12.1,,,,,4Y n/a: listed/data from 2023-05-09; 5Y n/a: listed/data from 2023-05-09
NSE:MARICO,11.3,11.4,12.6,6.1,35.7,10.7,47.6,10.2,42.2,7.3,
NSE:MARUTI,-28.7,-28.7,-13.5,-7.0,10.0,3.2,33.2,7.4,59.0,9.7,
NSE:MAXHEALTH,-15.5,-15.5,-3.0,-1.5,58.9,16.7,126.7,22.7,162.3,21.3,
NSE:MAZDOCK,-27.4,-27.4,-1.7,-0.9,88.7,23.6,704.2,68.5,1545.6,75.1,
NSE:MCX,100.3,100.4,174.9,65.8,718.7,101.8,1184.6,89.5,858.2,57.2,
NSE:MEDANTA,4.0,4.0,35.6,16.5,81.6,22.1,,,,,4Y n/a: listed/data from 2022-11-18; 5Y n/a: listed/data from 2022-11-18
NSE:MEESHO,,,,,,,,,,,1Y n/a: listed/data from 2025-12-10; 2Y n/a: listed/data from 2025-12-10; 3Y n/a: listed/data from 2025-12-10; 4Y n/a: listed/data from 2025-12-10; 5Y n/a: listed/data from 2025-12-10
NSE:MFSL,-14.2,-14.2,17.4,8.4,55.6,15.9,84.8,16.6,37.4,6.6,
NSE:MGL,-18.1,-18.1,-45.4,-26.1,-5.7,-2.0,30.3,6.9,-4.9,-1.0,
NSE:MINDACORP,15.1,15.1,8.9,4.4,103.6,26.8,231.3,35.0,402.0,38.1,
NSE:MMTC,-13.9,-14.0,-37.5,-20.9,-5.6,-1.9,67.0,13.7,24.8,4.5,
NSE:MOTHERSON,48.1,48.2,11.8,5.7,146.0,35.1,222.9,34.1,155.6,20.6,
NSE:MOTILALOFS,10.0,10.0,33.3,15.5,331.7,63.0,439.7,52.5,354.0,35.3,
NSE:MPHASIS,-16.4,-16.4,-25.4,-13.6,-5.4,-1.9,12.2,2.9,-25.6,-5.8,
NSE:MRF,-16.8,-16.8,-11.8,-6.1,14.2,4.5,53.4,11.3,56.6,9.4,
NSE:MRPL,23.6,23.6,-8.9,-4.6,72.5,20.0,173.7,28.7,224.0,26.5,
NSE:MSUMI,-26.9,-26.9,-28.3,-15.4,-21.4,-7.7,-19.6,-5.3,,,5Y n/a: listed/data from 2022-03-28
NSE:MTARTECH,310.7,311.1,350.1,112.3,203.6,44.9,400.0,49.6,428.7,39.5,
NSE:MUTHOOTFIN,-14.2,-14.2,37.9,17.4,118.4,29.8,162.0,27.3,75.8,12.0,
NSE:NAM-INDIA,19.4,19.4,52.6,23.6,212.1,46.2,291.0,40.7,137.4,18.9,
NSE:NATCOPHARM,1.8,1.8,-41.3,-23.4,-5.4,-1.8,34.3,7.7,-9.0,-1.9,
NSE:NATIONALUM,56.1,56.2,49.4,22.2,246.9,51.5,387.8,48.7,250.7,28.5,
NSE:NAUKRI,-10.4,-10.4,-26.8,-14.4,45.8,13.4,57.7,12.1,-6.7,-1.4,
NSE:NAVA,-14.5,-14.5,-0.2,-0.1,151.4,36.0,516.8,57.7,819.7,55.9,
NSE:NAVINFLUOR,75.7,75.8,125.9,50.3,113.0,28.7,81.9,16.2,118.6,16.9,
NSE:NBCC,-29.3,-29.3,-35.6,-19.7,99.1,25.9,275.7,39.3,140.9,19.2,
NSE:NCC,-38.0,-38.1,-57.3,-34.6,-19.0,-6.8,84.0,16.5,58.8,9.7,
NSE:NESTLEIND,12.1,12.1,-3.4,-1.7,17.2,5.4,37.7,8.3,33.8,6.0,
NSE:NETWEB,11.3,11.3,80.2,34.3,444.5,76.1,,,,,4Y n/a: listed/data from 2023-07-27; 5Y n/a: listed/data from 2023-07-27
NSE:NEULANDLAB,39.8,39.8,71.9,31.1,474.9,79.3,1505.4,100.4,1311.2,69.8,
NSE:NH,0.6,0.6,40.8,18.7,58.1,16.5,141.1,24.6,242.9,28.0,
NSE:NHPC,-16.9,-16.9,-24.5,-13.1,35.0,10.5,102.1,19.3,146.6,19.8,
NSE:NIACL,-15.9,-15.9,-30.9,-16.9,14.9,4.8,85.6,16.8,-1.1,-0.2,
NSE:NLCINDIA,-8.6,-8.6,-12.4,-6.4,91.9,24.3,279.3,39.6,310.4,32.6,
NSE:NMDC,-2.0,-2.0,-8.4,-4.3,51.2,14.8,131.7,23.4,102.8,15.2,
NSE:NSLNISP,-13.5,-13.5,-24.4,-13.1,-19.2,-6.9,,,,,4Y n/a: listed/data from 2023-02-20; 5Y n/a: listed/data from 2023-02-20
NSE:NTPC,-7.4,-7.4,-28.4,-15.4,30.6,9.3,96.5,18.4,125.2,17.6,
NSE:NTPCGREEN,-7.2,-7.2,,,,,,,,,2Y n/a: listed/data from 2024-11-27; 3Y n/a: listed/data from 2024-11-27; 4Y n/a: listed/data from 2024-11-27; 5Y n/a: listed/data from 2024-11-27
NSE:NUVAMA,31.1,31.1,30.5,14.2,270.1,54.8,,,,,4Y n/a: listed/data from 2023-09-26; 5Y n/a: listed/data from 2023-09-26
NSE:NUVOCO,-23.9,-23.9,-10.7,-5.5,-13.9,-4.9,-20.8,-5.7,-41.0,-10.0,
NSE:NYKAA,34.7,34.7,64.7,28.3,114.8,29.1,49.5,10.6,,,5Y n/a: listed/data from 2021-11-10
NSE:OBEROIRLTY,10.0,10.0,-7.1,-3.6,52.4,15.1,92.6,17.8,91.5,13.9,
NSE:OFSS,19.4,19.5,-8.9,-4.6,154.9,36.7,256.6,37.5,130.9,18.2,
NSE:OIL,8.0,8.0,-21.9,-11.7,126.5,31.4,269.6,38.7,166.3,21.6,
NSE:OLAELEC,-33.6,-33.6,-63.9,-39.9,,,,,,,3Y n/a: listed/data from 2024-08-09; 4Y n/a: listed/data from 2024-08-09; 5Y n/a: listed/data from 2024-08-09
NSE:OLECTRA,-29.6,-29.7,-37.3,-20.9,-8.9,-3.0,84.6,16.6,153.0,20.4,
NSE:ONESOURCE,-15.6,-15.6,,,,,,,,,2Y n/a: listed/data from 2025-01-24; 3Y n/a: listed/data from 2025-01-24; 4Y n/a: listed/data from 2025-01-24; 5Y n/a: listed/data from 2025-01-24
NSE:ONGC,-8.5,-8.5,-23.8,-12.7,20.5,6.4,68.0,13.9,52.0,8.7,
NSE:PAGEIND,-12.9,-13.0,-14.2,-7.4,-6.3,-2.2,-26.0,-7.3,13.6,2.6,
NSE:PARADEEP,-22.9,-23.0,68.7,29.9,109.7,28.1,145.9,25.3,,,5Y n/a: listed/data from 2022-05-27
NSE:PATANJALI,-38.9,-38.9,-37.3,-20.8,-13.8,-4.8,-19.4,-5.3,1.2,0.2,
NSE:PAYTM,44.2,44.2,126.4,50.5,88.9,23.7,150.9,25.9,,,5Y n/a: listed/data from 2021-11-18
NSE:PCBL,-16.0,-16.0,-43.7,-25.0,78.6,21.4,157.9,26.8,142.6,19.4,
NSE:PERSISTENT,8.3,8.3,-2.2,-1.1,87.4,23.3,235.5,35.4,194.6,24.1,
NSE:PETRONET,4.0,4.0,-17.0,-8.9,19.3,6.1,43.7,9.5,21.2,3.9,
NSE:PFC,-22.7,-22.7,-35.6,-19.8,26.7,8.2,282.8,39.9,184.1,23.2,
NSE:PFOCUS,73.9,74.0,116.5,47.2,226.9,48.5,316.2,42.9,306.1,32.4,
NSE:PGEL,-5.8,-5.8,-23.9,-12.8,170.7,39.4,380.5,48.1,1098.9,64.4,
NSE:PHOENIXLTD,23.4,23.4,10.1,4.9,112.2,28.6,178.0,29.2,301.4,32.1,
NSE:PIDILITIND,-0.8,-0.8,-12.3,-6.4,20.7,6.5,10.2,2.5,21.1,3.9,
NSE:PIIND,-37.6,-37.6,-52.7,-31.3,-34.5,-13.2,-24.6,-6.8,-27.9,-6.3,
NSE:PINELABS,,,,,,,,,,,1Y n/a: listed/data from 2025-11-14; 2Y n/a: listed/data from 2025-11-14; 3Y n/a: listed/data from 2025-11-14; 4Y n/a: listed/data from 2025-11-14; 5Y n/a: listed/data from 2025-11-14
NSE:PIRAMALFIN,,,,,,,,,,,1Y n/a: listed/data from 2025-11-07; 2Y n/a: listed/data from 2025-11-07; 3Y n/a: listed/data from 2025-11-07; 4Y n/a: listed/data from 2025-11-07; 5Y n/a: listed/data from 2025-11-07
NSE:PNB,-2.6,-2.6,4.1,2.1,31.7,9.6,209.1,32.6,169.9,22.0,
NSE:PNBHOUSING,23.8,23.8,12.4,6.0,47.1,13.8,237.1,35.6,108.2,15.8,
NSE:POLICYBZR,-41.5,-41.5,-43.4,-24.8,28.9,8.8,109.0,20.3,,,5Y n/a: listed/data from 2021-11-15
NSE:POLYCAB,8.7,8.7,9.1,4.4,48.7,14.2,214.2,33.2,240.5,27.8,
NSE:POLYMED,-16.0,-16.0,-30.4,-16.6,15.1,4.8,84.4,16.6,75.1,11.9,
NSE:POONAWALLA,-13.7,-13.7,8.1,4.0,13.5,4.3,41.4,9.1,164.5,21.5,
NSE:POWERGRID,-9.3,-9.3,-27.4,-14.8,27.6,8.5,61.0,12.7,76.9,12.1,
NSE:POWERINDIA,72.5,72.6,119.1,48.1,673.1,97.9,800.5,73.4,1175.5,66.4,
NSE:PPLPHARMA,-0.5,-0.5,-13.5,-7.0,94.0,24.8,,,,,4Y n/a: listed/data from 2022-10-19; 5Y n/a: listed/data from 2022-10-19
NSE:PREMIERENE,-13.7,-13.7,-20.9,-11.0,,,,,,,3Y n/a: listed/data from 2024-09-03; 4Y n/a: listed/data from 2024-09-03; 5Y n/a: listed/data from 2024-09-03
NSE:PRESTIGE,-3.6,-3.6,-18.2,-9.6,140.4,34.0,226.0,34.4,209.0,25.3,
NSE:PRIVISCL,51.4,51.5,138.7,54.5,196.1,43.7,148.6,25.6,95.2,14.3,
NSE:PTCIL,40.3,40.3,57.3,25.4,279.4,56.1,,,,,4Y n/a: listed/data from 2023-06-09; 5Y n/a: listed/data from 2023-06-09
NSE:PVRINOX,10.6,10.6,-26.2,-14.1,-29.1,-10.9,-30.8,-8.8,-24.0,-5.3,
NSE:PWL,,,,,,,,,,,1Y n/a: listed/data from 2025-11-18; 2Y n/a: listed/data from 2025-11-18; 3Y n/a: listed/data from 2025-11-18; 4Y n/a: listed/data from 2025-11-18; 5Y n/a: listed/data from 2025-11-18
NSE:RADICO,45.4,45.4,103.9,42.8,253.0,52.4,292.9,40.9,372.6,36.4,
NSE:RAILTEL,-33.0,-33.0,-43.3,-24.7,16.2,5.1,144.3,25.1,101.2,15.0,
NSE:RAINBOW,-4.7,-4.8,-12.1,-6.2,22.3,7.0,97.3,18.6,,,5Y n/a: listed/data from 2022-05-10
NSE:RAMCOCEM,-16.3,-16.3,-5.4,-2.7,-9.4,-3.2,12.1,2.9,-16.1,-3.5,
NSE:RBLBANK,49.5,49.5,102.5,42.3,61.0,17.2,270.5,38.8,112.6,16.3,
NSE:RECLTD,-23.8,-23.8,-48.3,-28.1,-1.4,-0.5,213.5,33.1,145.8,19.7,
NSE:REDINGTON,42.6,42.7,114.2,46.4,151.8,36.1,182.0,29.6,175.2,22.4,
NSE:RELIANCE,-14.7,-14.7,-20.3,-10.7,0.7,0.2,6.8,1.7,0.3,0.1,
NSE:RHIM,-13.8,-13.8,-38.2,-21.4,-47.6,-19.4,-42.6,-13.0,8.0,1.5,
NSE:RITES,-16.8,-16.8,-37.3,-20.8,-14.4,-5.1,24.2,5.6,52.2,8.8,
NSE:RKFORGE,29.0,29.0,-31.3,-17.1,8.5,2.8,240.7,35.9,219.4,26.2,
NSE:RPOWER,-57.5,-57.6,-62.0,-38.4,0.8,0.3,18.0,4.2,42.7,7.4,
NSE:RRKABEL,98.5,98.5,45.2,20.5,78.7,21.4,,,,,4Y n/a: listed/data from 2023-09-20; 5Y n/a: listed/data from 2023-09-20
NSE:RUBICON,,,,,,,,,,,1Y n/a: listed/data from 2025-10-16; 2Y n/a: listed/data from 2025-10-16; 3Y n/a: listed/data from 2025-10-16; 4Y n/a: listed/data from 2025-10-16; 5Y n/a: listed/data from 2025-10-16
NSE:RVNL,-42.8,-42.8,-62.5,-38.7,14.2,4.5,448.7,53.1,556.7,45.7,
NSE:SAGILITY,-0.8,-0.8,,,,,,,,,2Y n/a: listed/data from 2024-11-12; 3Y n/a: listed/data from 2024-11-12; 4Y n/a: listed/data from 2024-11-12; 5Y n/a: listed/data from 2024-11-12
NSE:SAIL,29.3,29.4,23.7,11.2,90.3,24.0,129.6,23.1,52.0,8.7,
NSE:SAILIFE,73.7,73.8,,,,,,,,,2Y n/a: listed/data from 2024-12-18; 3Y n/a: listed/data from 2024-12-18; 4Y n/a: listed/data from 2024-12-18; 5Y n/a: listed/data from 2024-12-18
NSE:SAMMAANCAP,-21.9,-21.9,-18.3,-9.6,-18.8,-6.7,26.4,6.0,-36.6,-8.7,
NSE:SANSERA,205.0,205.2,154.7,59.7,357.5,66.1,508.1,57.1,427.7,39.5,
NSE:SARDAEN,-10.2,-10.2,9.6,4.7,122.8,30.7,495.0,56.3,610.6,48.0,
NSE:SBICARD,-35.7,-35.7,-26.9,-14.5,-29.3,-10.9,-35.9,-10.6,-46.2,-11.7,
NSE:SBILIFE,-4.4,-4.4,-6.1,-3.1,33.2,10.0,39.1,8.6,42.4,7.3,
NSE:SBIN,10.4,10.4,19.7,9.4,58.2,16.6,83.6,16.4,111.2,16.1,
NSE:SCHAEFFLER,-7.1,-7.1,-1.2,-0.6,18.4,5.8,22.0,5.1,165.0,21.5,
NSE:SCHNEIDER,54.0,54.1,56.3,25.0,252.3,52.3,599.0,62.7,1009.5,61.8,
NSE:SCI,19.5,19.5,2.6,1.3,85.0,22.8,136.6,24.1,113.5,16.4,
NSE:SHREECEM,-25.2,-25.3,-17.4,-9.1,-14.5,-5.1,5.7,1.4,-24.7,-5.5,
NSE:SHRIPISTON,64.0,64.1,106.5,43.7,332.1,63.0,1094.3,86.1,858.6,57.2,
NSE:SHRIRAMFIN,45.7,45.7,32.3,15.0,145.8,35.0,304.0,41.8,265.0,29.6,
NSE:SHYAMMETL,13.4,13.4,16.0,7.7,135.8,33.2,268.2,38.6,181.1,23.0,
NSE:SIEMENS,21.9,21.9,-13.7,-7.1,81.5,22.0,139.4,24.4,201.6,24.7,
NSE:SIGNATURE,-29.5,-29.5,-54.3,-32.4,54.7,15.7,,,,,4Y n/a: listed/data from 2023-09-27; 5Y n/a: listed/data from 2023-09-27
NSE:SJVN,-36.3,-36.3,-55.7,-33.5,-19.9,-7.1,82.7,16.3,103.9,15.3,
NSE:SOBHA,-19.9,-19.9,-34.9,-19.4,74.0,20.3,89.3,17.3,55.8,9.3,
NSE:SOLARINDS,45.1,45.1,68.1,29.7,290.0,57.5,388.4,48.7,795.3,55.0,
NSE:SONACOMS,94.6,94.7,10.1,4.9,37.6,11.2,75.2,15.1,43.1,7.4,
NSE:SRF,-14.5,-14.5,0.2,0.1,10.2,3.3,0.3,0.1,12.1,2.3,
NSE:STARHEALTH,17.5,17.5,-11.1,-5.7,-9.6,-3.3,-23.6,-6.5,,,5Y n/a: listed/data from 2021-12-10
NSE:STLTECH,685.8,687.0,683.3,180.1,501.4,82.0,481.8,55.4,238.9,27.7,
NSE:SUMICHEM,-23.2,-23.3,-26.2,-14.1,-0.6,-0.2,-18.0,-4.8,5.0,1.0,
NSE:SUNDARMFIN,0.2,0.2,-16.3,-8.5,39.6,11.8,96.4,18.4,79.5,12.4,
NSE:SUNPHARMA,10.1,10.1,-6.2,-3.1,57.8,16.4,90.7,17.5,117.9,16.9,
NSE:SUNTV,-0.5,-0.5,-29.4,-16.0,-3.6,-1.2,18.9,4.4,15.2,2.9,
NSE:SUPREMEIND,-19.3,-19.3,-37.4,-20.9,-15.8,-5.6,61.6,12.8,45.6,7.8,
NSE:SUZLON,-29.5,-29.5,-51.2,-30.2,44.4,13.0,392.5,49.1,551.9,45.5,
NSE:SWANCORP,-41.2,-41.2,-51.9,-30.7,-4.8,-1.6,22.2,5.1,114.2,16.5,
NSE:SWIGGY,-43.0,-43.1,,,,,,,,,2Y n/a: listed/data from 2024-11-13; 3Y n/a: listed/data from 2024-11-13; 4Y n/a: listed/data from 2024-11-13; 5Y n/a: listed/data from 2024-11-13
NSE:SYNGENE,-42.8,-42.8,-60.3,-37.0,-55.4,-23.6,-35.2,-10.3,-41.3,-10.1,
NSE:SYRMA,113.6,113.8,301.0,100.3,178.3,40.7,493.2,56.2,,,5Y n/a: listed/data from 2022-08-26
NSE:TARIL,-42.8,-42.8,-13.8,-7.2,241.2,50.6,871.6,76.7,1983.9,83.6,
NSE:TATACAP,-3.4,-3.5,,,,,,,,,2Y n/a: listed/data from 2025-10-13; 3Y n/a: listed/data from 2025-10-13; 4Y n/a: listed/data from 2025-10-13; 5Y n/a: listed/data from 2025-10-13
NSE:TATACHEM,-33.8,-33.8,-46.3,-26.8,-40.7,-16.0,-44.4,-13.7,-33.3,-7.8,
NSE:TATACOMM,4.3,4.3,-22.0,-11.7,-11.5,-4.0,45.1,9.8,19.3,3.6,
NSE:TATACONSUM,-16.4,-16.4,-20.0,-10.6,9.8,3.2,23.0,5.3,19.4,3.6,
NSE:TATAELXSI,-40.8,-40.8,-60.2,-36.9,-57.1,-24.6,-62.8,-21.9,-46.5,-11.8,
NSE:TATAINVEST,-41.9,-41.9,-9.8,-5.0,94.6,24.9,165.0,27.6,328.1,33.8,
NSE:TATAPOWER,-10.5,-10.5,-27.2,-14.7,32.7,9.9,64.3,13.2,113.8,16.4,
NSE:TATASTEEL,6.3,6.3,6.6,3.2,39.1,11.6,81.0,16.0,37.1,6.5,
NSE:TATATECH,1.2,1.2,-36.1,-20.1,,,,,,,3Y n/a: listed/data from 2023-11-30; 4Y n/a: listed/data from 2023-11-30; 5Y n/a: listed/data from 2023-11-30
NSE:TBOTEK,9.8,9.8,-7.8,-4.0,,,,,,,3Y n/a: listed/data from 2024-05-15; 4Y n/a: listed/data from 2024-05-15; 5Y n/a: listed/data from 2024-05-15
NSE:TCS,-28.8,-28.8,-51.6,-30.5,-40.9,-16.1,-30.5,-8.7,-44.4,-11.1,
NSE:TDPOWERSYS,164.8,165.0,284.4,96.2,498.9,81.8,1241.3,91.5,2301.2,88.9,
NSE:TECHM,8.3,8.3,-5.7,-2.9,26.0,8.0,52.5,11.1,11.8,2.3,
NSE:TECHNOE,-25.4,-25.4,-36.6,-20.4,96.6,25.3,273.8,39.1,252.5,28.7,
NSE:TEGA,9.0,9.0,6.0,3.0,133.7,32.8,306.3,42.0,,,5Y n/a: listed/data from 2021-12-13
NSE:TEJASNET,-20.2,-20.2,-60.7,-37.4,-47.9,-19.6,-32.0,-9.2,-10.2,-2.1,
NSE:TENNIND,,,,,,,,,,,1Y n/a: listed/data from 2025-11-19; 2Y n/a: listed/data from 2025-11-19; 3Y n/a: listed/data from 2025-11-19; 4Y n/a: listed/data from 2025-11-19; 5Y n/a: listed/data from 2025-11-19
NSE:THANGAMAYL,139.6,139.8,96.7,40.3,290.0,57.5,683.9,67.4,750.3,53.4,
NSE:THERMAX,6.2,6.2,-34.1,-18.8,6.3,2.1,54.6,11.5,150.4,20.2,
NSE:TIINDIA,-24.1,-24.1,-46.1,-26.6,-22.3,-8.1,-13.3,-3.5,68.8,11.0,
NSE:TIMKEN,1.0,1.0,-18.4,-9.7,1.0,0.3,0.2,0.1,84.3,13.0,
NSE:TITAGARH,-8.8,-8.8,-32.3,-17.7,4.6,1.5,440.7,52.6,643.7,49.4,
NSE:TITAN,32.5,32.5,19.6,9.4,41.3,12.2,75.4,15.1,108.7,15.9,
NSE:TMCV,,,,,,,,,,,1Y n/a: listed/data from 2025-11-12; 2Y n/a: listed/data from 2025-11-12; 3Y n/a: listed/data from 2025-11-12; 4Y n/a: listed/data from 2025-11-12; 5Y n/a: listed/data from 2025-11-12
NSE:TMPV,-61.1,-61.1,-71.1,-46.2,-55.0,-23.4,-29.7,-8.5,-16.2,-3.5,
NSE:TORNTPHARM,33.6,33.7,41.5,19.0,153.5,36.4,201.9,31.9,209.5,25.4,
NSE:TORNTPOWER,2.2,2.2,-33.2,-18.3,66.2,18.5,157.4,26.7,147.9,19.9,
NSE:TRENT,-19.9,-19.9,-49.2,-28.7,87.9,23.4,178.5,29.2,270.6,30.0,
NSE:TRIDENT,-21.7,-21.7,-40.1,-22.6,-40.5,-15.9,-38.6,-11.5,-24.6,-5.5,
NSE:TRITURBINE,1.2,1.2,-25.6,-13.8,23.4,7.3,107.4,20.0,204.8,25.0,
NSE:TTML,-36.9,-36.9,-59.1,-36.0,-64.9,-29.5,-66.1,-23.7,-6.1,-1.3,
NSE:TVSMOTOR,16.3,16.3,41.7,19.0,162.8,38.1,303.9,41.8,613.0,48.1,
NSE:UBL,-33.9,-33.9,-45.0,-25.9,-23.7,-8.6,-28.8,-8.2,-24.6,-5.5,
NSE:UCOBANK,-25.1,-25.1,-52.3,-31.0,-48.8,-20.0,94.3,18.1,68.0,10.9,
NSE:ULTRACEMCO,-11.5,-11.5,-9.5,-4.9,29.0,8.9,71.6,14.5,43.1,7.4,
NSE:UNIONBANK,20.8,20.8,37.5,17.3,49.5,14.4,288.4,40.4,359.8,35.7,
NSE:UNITDSPR,-0.9,-0.9,-17.1,-9.0,33.7,10.2,61.4,12.7,54.3,9.1,
NSE:UNOMINDA,-16.1,-16.1,2.6,1.3,83.7,22.5,99.7,18.9,207.8,25.2,
NSE:UPL,-21.9,-21.9,-16.8,-8.8,-14.9,-5.2,-22.3,-6.1,-27.5,-6.2,
NSE:URBANCO,-8.1,-8.1,,,,,,,,,2Y n/a: listed/data from 2025-09-17; 3Y n/a: listed/data from 2025-09-17; 4Y n/a: listed/data from 2025-09-17; 5Y n/a: listed/data from 2025-09-17
NSE:USHAMART,8.6,8.6,34.0,15.8,41.5,12.3,318.3,43.1,462.3,41.3,
NSE:UTIAMC,-32.5,-32.5,-28.4,-15.4,12.0,3.9,24.3,5.6,-15.9,-3.4,
NSE:VAML,,,,,,,,,,,1Y n/a: listed/data from 2026-06-15; 2Y n/a: listed/data from 2026-06-15; 3Y n/a: listed/data from 2026-06-15; 4Y n/a: listed/data from 2026-06-15; 5Y n/a: listed/data from 2026-06-15
NSE:VBL,-4.0,-4.0,-30.5,-16.7,14.5,4.6,98.7,18.8,250.4,28.5,
NSE:VEDL,,,,,,,,,,,1Y blanked: unadjusted -65% move on 2026-04-30; 2Y blanked: unadjusted -65% move on 2026-04-30; 3Y blanked: unadjusted -65% move on 2026-04-30; 4Y blanked: unadjusted -65% move on 2026-04-30; 5Y blanked: unadjusted -65% move on 2026-04-30
NSE:VEDPOWER,,,,,,,,,,,1Y n/a: listed/data from 2026-06-15; 2Y n/a: listed/data from 2026-06-15; 3Y n/a: listed/data from 2026-06-15; 4Y n/a: listed/data from 2026-06-15; 5Y n/a: listed/data from 2026-06-15
NSE:VIJAYA,42.3,42.3,49.9,22.4,182.5,41.4,229.6,34.8,159.0,21.0,
NSE:VISL,,,,,,,,,,,1Y n/a: listed/data from 2026-06-15; 2Y n/a: listed/data from 2026-06-15; 3Y n/a: listed/data from 2026-06-15; 4Y n/a: listed/data from 2026-06-15; 5Y n/a: listed/data from 2026-06-15
NSE:VMM,-33.1,-33.1,,,,,,,,,2Y n/a: listed/data from 2024-12-18; 3Y n/a: listed/data from 2024-12-18; 4Y n/a: listed/data from 2024-12-18; 5Y n/a: listed/data from 2024-12-18
NSE:VOGL,,,,,,,,,,,1Y n/a: listed/data from 2026-06-15; 2Y n/a: listed/data from 2026-06-15; 3Y n/a: listed/data from 2026-06-15; 4Y n/a: listed/data from 2026-06-15; 5Y n/a: listed/data from 2026-06-15
NSE:VOLTAS,-22.2,-22.2,-43.2,-24.7,20.5,6.4,17.9,4.2,-13.3,-2.8,
NSE:VTL,29.3,29.3,12.7,6.2,40.9,12.1,57.8,12.1,44.0,7.6,
NSE:WAAREEENER,-29.8,-29.8,,,,,,,,,2Y n/a: listed/data from 2024-10-28; 3Y n/a: listed/data from 2024-10-28; 4Y n/a: listed/data from 2024-10-28; 5Y n/a: listed/data from 2024-10-28
NSE:WELCORP,204.6,204.9,252.4,87.8,571.0,88.8,920.7,78.9,1722.2,78.7,
NSE:WELSPUNLIV,104.7,104.8,36.7,16.9,100.6,26.2,228.1,34.6,46.7,8.0,
NSE:WHIRLPOOL,-26.5,-26.5,-62.3,-38.6,-47.8,-19.5,-46.8,-14.6,-62.4,-17.8,
NSE:WIPRO,-33.9,-33.9,-41.7,-23.7,-21.4,-7.7,-19.2,-5.2,-49.9,-12.9,
NSE:WOCKPHARMA,39.6,39.6,115.1,46.7,778.2,106.6,767.4,71.7,400.9,38.0,
NSE:YESBANK,-4.6,-4.6,-7.4,-3.8,20.6,6.5,34.7,7.8,61.5,10.1,
NSE:ZEEL,-37.0,-37.0,-48.7,-28.4,-72.7,-35.2,-71.5,-27.0,-75.7,-24.6,
NSE:ZENSARTECH,-43.5,-43.5,-36.0,-20.0,-18.0,-6.4,107.0,20.0,-9.2,-1.9,
NSE:ZENTEC,7.4,7.4,-7.7,-3.9,110.4,28.2,721.3,69.4,631.5,48.9,
NSE:ZFCVINDIA,2.9,2.9,-16.5,-8.6,-12.9,-4.5,35.9,8.0,85.3,13.1,
NSE:ZYDUSLIFE,15.6,15.6,6.0,3.0,87.5,23.4,179.9,29.4,106.2,15.6,
NSE:ZYDUSWELL,7.3,7.3,26.5,12.5,56.7,16.2,48.8,10.5,6.3,1.2,
