Group,Rank,Symbol,Company,Industry,Cap Class,Market Cap (Cr),Score,Quality (0-100),Safety (0-100),Value (0-100),Income (0-100),Trend (0-100),P/E,PE vs sector,P/B,ROE % (avg 4y),Revenue CAGR %,Profit CAGR %,Debt/Equity,Interest Cover,Dividend Yield %,Promoter %,Promoter chg 1y (pp),% Below 52W High,Filtered Out Because,In your lists,1Y %,1Y CAGR %,1Y TR %,1Y TR CAGR %,2Y %,2Y CAGR %,2Y TR %,2Y TR CAGR %,3Y %,3Y CAGR %,3Y TR %,3Y TR CAGR %,4Y %,4Y CAGR %,4Y TR %,4Y TR CAGR %,5Y %,5Y CAGR %,5Y TR %,5Y TR CAGR %,10Y %,10Y CAGR %,10Y TR %,10Y TR CAGR %,15Y %,15Y CAGR %,15Y TR %,15Y TR CAGR %,20Y %,20Y CAGR %,20Y TR %,20Y TR CAGR %,25Y %,25Y CAGR %,25Y TR %,25Y TR CAGR %,30Y %,30Y CAGR %,30Y TR %,30Y TR CAGR %,Data since,Since start %,Since start CAGR %,Since start TR %,Since start TR CAGR %,Data notes
Metals & Mining,1,NSE:NATIONALUM,National Aluminium Company Limited,Aluminum,Mid,61509.0,65.5,64.0,57.0,70.0,83.0,63.0,9.1,0.49,2.85,20.3,7.8,59.3,0.3,341.3,1.19,51.28,0.0,24.8,,,56.1,56.2,61.7,61.7,49.4,22.2,62.4,27.5,246.9,51.5,290.4,57.6,387.8,48.7,479.5,55.2,250.7,28.5,344.1,34.7,623.3,21.9,1170.4,29.0,449.9,12.0,1059.3,17.8,524.7,9.6,1340.2,14.3,2802.7,14.4,7734.8,19.1,,,,,1999-04-28,4926.6,15.4,15537.1,20.2,
Metals & Mining,2,NSE:HINDCOPPER,Hindustan Copper Limited,Copper,Mid,44870.0,62.6,74.0,59.0,39.0,81.0,59.0,39.5,2.12,13.44,18.0,22.5,45.9,3.3,4111.4,0.93,66.14,0.0,39.0,,,37.8,37.9,38.6,38.6,32.4,15.1,33.8,15.7,187.2,42.2,191.1,42.9,341.8,45.1,350.5,45.8,320.7,33.3,333.3,34.1,670.9,22.7,714.2,23.3,112.6,5.2,132.0,5.8,,,,,,,,,,,,,2010-01-08,25.9,1.4,37.9,1.9,
Metals & Mining,3,NSE:NMDC,NMDC Limited,Steel,Mid,65622.0,60.8,71.0,52.0,70.0,63.0,36.0,8.9,0.48,1.92,22.6,22.0,10.0,18.8,84.7,2.68,60.79,0.0,23.4,,,-2.0,-2.0,1.0,1.0,-8.4,-4.3,-1.0,-0.5,51.2,14.8,68.7,19.1,131.7,23.4,173.3,28.6,102.8,15.2,173.3,22.3,168.9,10.4,392.4,17.3,33.6,2.0,272.4,9.2,,,,,,,,,,,,,2008-03-03,-20.8,-1.2,131.4,4.6,
Metals & Mining,4,NSE:HINDZINC,Hindustan Zinc Limited,Other Industrial Metals & Mining,Large,234526.0,57.2,68.0,37.0,61.0,65.0,47.0,13.7,0.74,10.36,67.8,5.6,9.6,39.0,25.3,3.78,60.71,-1.13,24.3,,,15.3,15.3,17.4,17.4,6.8,3.3,10.9,5.3,80.8,21.9,102.0,26.5,108.6,20.2,182.3,29.7,81.3,12.6,177.5,22.6,118.1,8.1,387.8,17.2,392.7,11.2,1325.7,19.4,,,,,,,,,,,,,2002-08-12,626.7,11.0,2059.1,17.5,"since-start measured from 2007-09-24, after the last unadjusted break; 2006-11-21 +5575% one-day move not adjusted by Yahoo (bonus/split, demerger or bad data) - horizons spanning it are blanked"
Metals & Mining,5,NSE:SARDAEN,Sarda Energy & Minerals Limited,Steel,Small,17478.0,53.1,50.0,57.0,53.0,75.0,39.0,15.5,0.83,2.37,14.3,10.4,22.5,35.2,7.5,0.4,73.16,0.0,20.5,,,-10.2,-10.2,-9.8,-9.8,9.6,4.7,10.3,5.0,122.8,30.7,124.9,31.1,495.0,56.3,504.4,56.9,610.6,48.0,626.3,48.7,2266.7,37.2,2530.9,38.7,3808.0,27.7,4786.2,29.6,,,,,,,,,,,,,2009-12-03,2745.0,22.0,3565.5,23.9,
Metals & Mining,6,NSE:VEDL,Vedanta Limited,Other Industrial Metals & Mining,Mid,98421.0,47.3,55.0,36.0,75.0,42.0,13.0,11.1,0.6,1.98,30.6,-19.2,18.0,48.0,7.8,13.49,54.72,-1.66,68.3,,,,,,,,,,,,,,,,,,,,,,,,,,,,,,,,,,,,,,,,,,,1996-01-01,,,,,"since-start measured from 2026-09-16, after the last unadjusted break; split history corrected 2004-04-26 x2; 1998-03-11 +58% one-day move not adjusted by Yahoo (bonus/split, demerger or bad data) - horizons spanning it are blanked; 2003-04-15 +97% one-day move not adjusted by Yahoo (bonus/split, demerger or bad data) - horizons spanning it are blanked; 2003-11-27 +101% one-day move not adjusted by Yahoo (bonus/split, demerger or bad data) - horizons spanning it are blanked; 2003-12-26 +109% one-day move not adjusted by Yahoo (bonus/split, demerger or bad data) - horizons spanning it are blanked; 2004-04-27 +89% one-day move not adjusted by Yahoo (bonus/split, demerger or bad data) - horizons spanning it are blanked; 2004-10-14 +86% one-day move not adjusted by Yahoo (bonus/split, demerger or bad data) - horizons spanning it are blanked; 2026-04-30 -65% one-day move not adjusted by Yahoo (bonus/split, demerger or bad data) - horizons spanning it are blanked"
Metals & Mining,7,NSE:GMDCLTD,Gujarat Mineral Development Corporation Limited,Thermal Coal,Small,15531.0,45.4,23.0,60.0,61.0,86.0,29.0,16.2,0.87,2.2,13.7,-8.8,-7.4,4.5,178.6,1.95,74.0,0.0,36.7,,,-21.4,-21.4,-20.1,-20.1,36.8,17.0,41.7,19.1,48.0,14.0,57.4,16.4,262.2,38.0,301.4,41.6,546.8,45.3,640.0,49.2,466.7,19.0,633.9,22.1,196.6,7.5,343.3,10.4,,,,,,,,,,,,,2002-07-01,542.3,10.9,913.7,13.7,"Yahoo history starts 2002-07-01 (listed 1997-12-17) - longer horizons missing; since-start measured from 2008-09-24, after the last unadjusted break; 2006-12-18 -81% one-day move not adjusted by Yahoo (bonus/split, demerger or bad data) - horizons spanning it are blanked; 2007-11-08 +420% one-day move not adjusted by Yahoo (bonus/split, demerger or bad data) - horizons spanning it are blanked"
Metals & Mining,8,NSE:HINDALCO,Hindalco Industries Limited,Aluminum,Large,209075.0,44.1,27.0,39.0,59.0,77.0,48.0,12.8,0.69,1.53,10.7,7.1,9.9,72.6,6.6,0.53,34.66,0.02,19.9,,,23.0,23.0,23.6,23.6,23.7,11.2,25.2,11.9,96.2,25.2,99.8,26.0,147.2,25.4,153.4,26.2,94.5,14.2,101.2,15.0,511.2,19.9,550.6,20.6,659.9,14.5,753.6,15.4,503.7,9.4,618.3,10.4,2049.9,13.1,2673.8,14.2,1529.2,9.7,2106.4,10.9,1996-01-01,1104.1,8.4,1530.7,9.5,
Metals & Mining,9,NSE:JSL,Jindal Stainless Limited,Steel,Mid,60330.0,41.9,42.0,51.0,42.0,41.0,31.0,18.6,1.0,13.4,16.9,6.4,14.7,37.5,9.3,0.55,62.05,0.95,17.2,,,-3.9,-3.9,-3.4,-3.4,-4.5,-2.3,-3.6,-1.8,47.9,13.9,50.0,14.5,472.2,54.8,484.4,55.6,335.2,34.2,344.5,34.8,2830.8,40.2,2893.1,40.5,,,,,,,,,,,,,,,,,2003-11-17,3099.6,41.4,3167.5,41.7,"since-start measured from 2016-09-26, after the last unadjusted break; 2003-11-18 -81% one-day move not adjusted by Yahoo (bonus/split, demerger or bad data) - horizons spanning it are blanked; 2015-11-19 -61% one-day move not adjusted by Yahoo (bonus/split, demerger or bad data) - horizons spanning it are blanked"
Metals & Mining,10,NSE:JSWSTEEL,JSW Steel Limited,Steel,Large,300973.0,39.9,35.0,33.0,51.0,53.0,37.0,12.2,0.66,3.01,11.1,3.6,75.3,95.4,4.5,0.58,44.29,-1.02,8.7,,,7.6,7.6,8.2,8.2,20.0,9.6,21.0,10.0,60.1,17.0,62.7,17.6,97.7,18.6,101.8,19.2,82.9,12.8,92.4,14.0,597.6,21.5,677.3,22.8,2145.7,23.1,2540.8,24.4,4164.2,20.6,5247.7,22.0,,,,,,,,,2003-05-08,11755.8,22.6,15594.2,24.1,
Pharma,1,NSE:CAPLIPOINT,Caplin Point Laboratories Limited,Drug Manufacturers - Specialty & Generic,Small,19854.0,68.8,65.0,70.0,57.0,74.0,91.0,29.9,0.57,5.65,19.1,14.3,19.4,0.1,923.7,0.3,70.57,0.01,12.6,,,27.9,27.9,28.3,28.3,26.6,12.5,27.4,12.9,150.6,35.9,153.0,36.3,252.4,37.1,257.5,37.6,200.1,24.6,206.1,25.1,838.8,25.1,879.8,25.7,,,,,,,,,,,,,,,,,2014-06-23,7251.7,41.9,7717.7,42.6,
Pharma,2,NSE:GLAXO,GlaxoSmithKline Pharmaceuticals Limited,Drug Manufacturers - General,Mid,46756.0,65.3,68.0,75.0,45.0,62.0,75.0,43.7,0.84,20.62,40.4,5.7,19.3,1.5,515.6,2.06,75.0,0.0,11.6,,,2.7,2.7,5.4,5.4,1.3,0.7,5.7,2.8,76.5,20.9,86.4,23.1,95.8,18.3,111.6,20.6,88.6,13.5,116.4,16.7,96.5,7.0,145.9,9.4,164.0,6.7,263.2,9.0,349.5,7.8,617.5,10.4,,,,,,,,,2002-07-01,780.4,10.4,1381.3,13.1,"Yahoo history starts 2002-07-01 (listed 2000-12-15) - longer horizons missing; since-start measured from 2004-10-14, after the last unadjusted break; 2004-10-14 -50% one-day move not adjusted by Yahoo (bonus/split, demerger or bad data) - horizons spanning it are blanked"
Pharma,3,NSE:TORNTPHARM,Torrent Pharmaceuticals Limited,Drug Manufacturers - Specialty & Generic,Large,181333.0,62.5,66.0,63.0,26.0,80.0,91.0,76.3,1.47,19.23,23.8,13.3,20.2,85.4,8.5,0.8,68.31,0.0,9.2,,,33.6,33.7,34.8,34.9,41.5,19.0,44.1,20.1,153.5,36.4,161.0,37.8,201.9,31.9,215.0,33.3,209.5,25.4,228.6,26.9,474.3,19.1,547.4,20.6,3491.5,27.0,4365.1,28.8,10488.1,26.3,14167.0,28.2,,,,,,,,,2002-07-01,38556.4,27.8,57279.3,29.9,
Pharma,4,NSE:LUPIN,Lupin Limited,Drug Manufacturers - Specialty & Generic,Mid,92885.0,59.6,58.0,56.0,71.0,81.0,39.0,16.8,0.32,4.14,14.9,19.1,131.5,29.4,17.7,0.89,46.85,-0.05,19.7,,,2.5,2.5,3.3,3.3,-7.4,-3.8,-6.2,-3.1,73.0,20.1,76.1,20.8,181.3,29.6,187.6,30.3,110.2,16.0,116.2,16.7,36.0,3.1,44.3,3.7,330.0,10.2,367.9,10.8,2006.8,16.5,2308.4,17.2,,,,,,,,,2001-09-10,2760.4,16.5,3224.1,17.2,"since-start measured from 2004-09-24, after the last unadjusted break; 2003-04-15 +109% one-day move not adjusted by Yahoo (bonus/split, demerger or bad data) - horizons spanning it are blanked; 2003-09-26 -49% one-day move not adjusted by Yahoo (bonus/split, demerger or bad data) - horizons spanning it are blanked; 2004-03-25 +101% one-day move not adjusted by Yahoo (bonus/split, demerger or bad data) - horizons spanning it are blanked"
Pharma,5,NSE:NATCOPHARM,Natco Pharma Limited,Drug Manufacturers - Specialty & Generic,Small,15070.0,59.6,61.0,51.0,82.0,79.0,25.0,12.9,0.25,1.59,19.6,14.5,25.6,7.7,58.8,0.72,49.42,-0.14,33.2,,,1.8,1.8,2.4,2.4,-41.3,-23.4,-40.7,-23.0,-5.4,-1.8,-4.0,-1.4,34.3,7.7,37.9,8.4,-9.0,-1.9,-5.8,-1.2,37.0,3.2,48.8,4.1,1687.0,21.2,1907.0,22.1,3477.1,19.6,4164.6,20.6,45527.8,27.8,54869.5,28.7,13363.9,17.8,16647.6,18.6,1996-01-01,4514.0,13.3,5639.3,14.1,
Pharma,6,NSE:ANTHEM,Anthem Biosciences Limited,Biotechnology,Mid,48223.0,58.7,69.0,68.0,25.0,32.0,84.0,85.0,1.63,15.85,19.8,26.2,15.4,1.8,127.0,0.23,71.42,-3.27,12.2,,,11.0,11.0,11.3,11.3,,,,,,,,,,,,,,,,,,,,,,,,,,,,,,,,,,,,,2025-07-21,17.2,14.2,17.5,14.4,
Pharma,7,NSE:EMCURE,Emcure Pharmaceuticals Limited,Drug Manufacturers - Specialty & Generic,Mid,36690.0,58.2,56.0,55.0,49.0,33.0,96.0,36.3,0.7,7.41,18.0,15.4,20.2,30.6,11.4,0.19,77.83,-0.08,7.9,,,49.1,49.1,49.4,49.4,30.0,14.0,30.6,14.3,,,,,,,,,,,,,,,,,,,,,,,,,,,,,,,,,2024-07-10,43.1,17.5,43.6,17.7,
Pharma,8,NSE:ZYDUSLIFE,Zydus Lifesciences Limited,Drug Manufacturers - Specialty & Generic,Large,114284.0,57.9,61.0,59.0,56.0,70.0,45.0,25.5,0.49,4.25,17.0,16.5,37.0,42.3,19.1,0.09,75.01,0.02,7.0,,,15.6,15.6,15.7,15.7,6.0,3.0,7.4,3.6,87.5,23.4,90.3,24.0,179.9,29.4,186.7,30.2,106.2,15.6,112.7,16.3,193.4,11.4,218.2,12.3,665.8,14.5,766.7,15.5,2800.1,18.3,3364.4,19.4,,,,,,,,,2000-04-27,2722.8,18.2,3272.1,19.2,"since-start measured from 2006-09-25, after the last unadjusted break; 2006-08-30 -49% one-day move not adjusted by Yahoo (bonus/split, demerger or bad data) - horizons spanning it are blanked"
Pharma,9,NSE:DIVISLAB,Divi's Laboratories Limited,Drug Manufacturers - Specialty & Generic,Large,245532.0,56.0,47.0,69.0,21.0,74.0,93.0,84.0,1.61,14.65,14.0,11.0,12.1,0.0,148.3,0.32,51.88,-0.01,5.0,,,62.0,62.0,62.6,62.7,70.5,30.6,72.0,31.2,148.3,35.5,152.0,36.2,148.2,25.6,153.9,26.3,91.4,13.9,97.3,14.6,611.6,21.7,664.5,22.6,2440.4,24.1,2802.2,25.2,8256.3,24.8,9754.8,25.8,,,,,,,,,2003-03-12,104853.2,34.4,127430.2,35.5,
Pharma,10,NSE:IPCALAB,IPCA Laboratories Limited,Drug Manufacturers - Specialty & Generic,Mid,49345.0,55.8,46.0,61.0,47.0,49.0,89.0,37.6,0.72,6.12,10.4,15.5,34.3,8.5,21.8,0.31,44.72,0.0,4.6,,,46.4,46.4,46.9,46.9,30.3,14.2,31.1,14.5,107.7,27.6,109.7,28.1,107.9,20.1,110.9,20.5,60.4,9.9,63.3,10.3,538.3,20.4,559.0,20.8,1466.8,20.1,1559.6,20.6,5234.8,22.0,5999.8,22.8,,,,,,,,,1996-01-01,4313.4,19.7,5029.3,20.6,"Yahoo history starts 1996-01-01 (listed 1995-02-08) - longer horizons missing; since-start measured from 2005-09-26, after the last unadjusted break; 2005-07-29 -49% one-day move not adjusted by Yahoo (bonus/split, demerger or bad data) - horizons spanning it are blanked"
Healthcare,1,NSE:LALPATHLAB,Dr. Lal Path Labs Ltd.,Diagnostics & Research,Small,33312.0,59.3,62.0,59.0,28.0,82.0,80.0,61.4,1.18,13.28,19.1,11.1,28.3,7.8,30.3,1.0,53.19,-0.02,2.1,,,26.6,26.6,27.8,27.8,17.4,8.4,19.5,9.3,59.3,16.8,63.6,17.9,67.7,13.8,73.1,14.7,8.2,1.6,12.3,2.3,272.2,14.1,298.4,14.8,,,,,,,,,,,,,,,,,2015-12-23,386.1,15.8,421.6,16.6,
Healthcare,2,NSE:VIJAYA,Vijaya Diagnostic Centre Limited,Diagnostics & Research,Small,14657.0,56.6,70.0,47.0,26.0,36.0,93.0,78.4,1.51,15.29,17.4,21.0,26.9,44.2,8.4,0.14,52.51,-0.12,10.7,,,42.3,42.3,42.5,42.5,49.9,22.4,50.4,22.7,182.5,41.4,183.7,41.7,229.6,34.8,231.8,35.0,159.0,21.0,161.4,21.2,,,,,,,,,,,,,,,,,,,,,2021-09-14,130.3,18.0,132.4,18.2,
Healthcare,3,NSE:APOLLOHOSP,Apollo Hospitals Enterprise Limited,Medical Care Facilities,Large,116947.0,53.0,54.0,45.0,35.0,73.0,73.0,55.9,1.07,12.34,16.1,14.8,33.3,85.1,8.5,0.25,28.02,-1.32,10.3,,,9.3,9.3,9.6,9.6,13.7,6.6,14.3,6.9,58.9,16.7,60.1,17.0,86.3,16.9,88.4,17.2,82.4,12.8,84.9,13.1,505.6,19.7,525.1,20.1,1478.6,20.2,1572.2,20.7,3350.4,19.4,3748.5,20.0,,,,,,,,,2002-07-01,12417.9,22.0,15097.6,23.0,Yahoo history starts 2002-07-01 (listed 1996-01-10) - longer horizons missing
Healthcare,4,NSE:NH,Narayana Hrudayalaya Ltd.,Medical Care Facilities,Mid,35421.0,50.1,59.0,52.0,49.0,39.0,35.0,43.2,0.83,7.81,23.8,20.5,9.9,129.0,5.0,0.26,63.27,-0.58,16.7,,,0.6,0.6,0.8,0.8,40.8,18.7,41.4,18.9,58.1,16.5,59.3,16.8,141.1,24.6,143.6,25.0,242.9,28.0,246.9,28.2,406.8,17.6,416.7,17.9,,,,,,,,,,,,,,,,,2016-01-06,416.8,16.5,426.9,16.7,
Healthcare,5,NSE:MEDANTA,Global Health Limited,Medical Care Facilities,Mid,36466.0,48.7,52.0,49.0,31.0,30.0,76.0,65.8,1.26,9.2,14.5,17.2,19.5,29.9,10.2,0.04,33.0,-0.01,12.1,,,4.0,4.0,4.1,4.1,35.6,16.5,35.7,16.5,81.6,22.1,81.8,22.1,,,,,,,,,,,,,,,,,,,,,,,,,,,,,2022-11-18,227.7,35.9,228.0,35.9,
Healthcare,6,NSE:MAXHEALTH,Max Healthcare Institute Limited,Medical Care Facilities,Mid,91584.0,41.7,47.0,47.0,41.0,36.0,27.0,63.3,1.22,8.52,13.1,22.4,9.3,32.4,8.8,0.21,23.71,-0.03,23.0,,,-15.5,-15.5,-15.3,-15.3,-3.0,-1.5,-2.7,-1.4,58.9,16.7,59.6,16.9,126.7,22.7,128.1,22.9,162.3,21.3,164.0,21.4,,,,,,,,,,,,,,,,,,,,,2020-08-21,742.0,41.7,747.4,41.9,
Healthcare,7,NSE:FORTIS,Fortis Healthcare Limited,Medical Care Facilities,Mid,59264.0,41.5,35.0,44.0,61.0,34.0,34.0,56.5,1.09,5.99,8.8,13.3,21.0,34.2,5.8,0.13,31.17,0.0,28.9,,,-20.7,-20.7,-20.6,-20.6,27.5,12.9,27.8,13.0,131.1,32.3,132.0,32.5,200.7,31.7,202.9,32.0,195.4,24.2,197.6,24.4,350.4,16.3,353.7,16.3,544.5,13.2,549.2,13.3,,,,,,,,,,,,,2007-05-09,683.8,11.2,689.6,11.2,
Healthcare,8,NSE:SYNGENE,Syngene International Limited,Diagnostics & Research,Small,14452.0,28.4,11.0,51.0,50.0,40.0,1.0,65.4,1.26,2.98,10.5,5.4,-12.0,9.5,10.2,0.35,52.59,-0.09,47.1,,,-42.8,-42.8,-42.6,-42.7,-60.3,-37.0,-60.1,-36.8,-55.4,-23.6,-55.1,-23.5,-35.2,-10.3,-34.7,-10.1,-41.3,-10.1,-40.7,-9.9,48.5,4.0,50.8,4.2,,,,,,,,,,,,,,,,,2015-08-11,132.7,7.9,136.9,8.0,
Healthcare,9,NSE:ASTERDM,Aster DM Quality Care Limited,Medical Care Facilities,Mid,61714.0,,,,,,,114.7,2.2,7.97,44.4,15.7,-3.0,45.9,6.8,0.56,53.72,13.33,20.6,P/E > 90,,12.4,12.4,12.9,12.9,69.9,30.4,72.3,31.3,109.2,28.0,177.0,40.5,192.8,30.9,287.7,40.4,234.6,27.3,343.1,34.7,,,,,,,,,,,,,,,,,,,,,2018-02-26,290.5,17.2,417.0,21.1,
Healthcare,10,NSE:SAILIFE,Sai Life Sciences Limited,Diagnostics & Research,Small,32925.0,,,,,,,91.4,1.76,13.19,7.9,21.3,226.9,11.6,12.9,,34.53,-0.62,8.7,P/E > 90,,73.7,73.8,73.7,73.8,,,,,,,,,,,,,,,,,,,,,,,,,,,,,,,,,,,,,2024-12-18,101.6,48.1,101.6,48.1,
PSU Banks,1,NSE:MAHABANK,Bank of Maharashtra,Banks - Regional,Mid,61917.0,66.7,76.0,37.0,72.0,54.0,87.0,8.2,0.39,1.73,19.4,15.6,39.1,,,2.73,73.6,-6.0,14.8,,,43.9,43.9,48.3,48.3,34.4,16.0,42.8,19.5,62.6,17.6,76.7,20.9,358.7,46.4,419.8,51.1,302.5,32.1,371.2,36.4,163.1,10.2,208.0,11.9,76.1,3.8,135.8,5.9,158.8,4.9,319.0,7.4,,,,,,,,,2004-04-12,104.6,3.2,273.3,6.0,
PSU Banks,2,NSE:INDIANB,Indian Bank,Banks - Regional,Large,106834.0,66.0,54.0,77.0,78.0,87.0,47.0,8.4,0.4,1.27,13.9,10.4,28.1,,,2.3,73.84,0.0,20.8,,,7.6,7.6,9.9,9.9,50.5,22.7,57.6,25.6,79.7,21.6,92.5,24.4,318.8,43.1,362.5,46.7,459.3,41.1,543.9,45.1,254.4,13.5,329.0,15.7,284.1,9.4,454.0,12.1,,,,,,,,,,,,,2007-03-01,706.5,11.2,1283.1,14.4,
PSU Banks,3,NSE:SBIN,State Bank of India,Banks - Regional,Large,880693.0,60.4,54.0,56.0,76.0,86.0,42.0,10.2,0.49,1.42,15.4,12.2,14.4,,,1.82,55.47,-0.03,22.7,,,10.4,10.4,12.4,12.4,19.7,9.4,24.3,11.5,58.2,16.6,67.1,18.7,83.6,16.4,97.6,18.6,111.2,16.1,130.9,18.2,273.7,14.1,316.0,15.3,412.5,11.5,516.7,12.9,878.6,12.1,1160.8,13.5,5675.1,17.6,8204.5,19.3,3999.8,13.2,6383.2,14.9,1996-01-01,4968.7,13.6,8017.8,15.4,Yahoo history starts 1996-01-01 (listed 1995-03-01) - longer horizons missing
PSU Banks,4,NSE:CANBK,Canara Bank,Banks - Regional,Large,107360.0,58.5,55.0,57.0,85.0,55.0,36.0,5.4,0.26,0.91,16.1,5.0,20.5,,,3.55,62.93,0.0,27.3,,,-4.4,-4.4,-1.2,-1.2,7.1,3.5,14.6,7.1,53.9,15.5,69.2,19.2,166.2,27.8,204.1,32.1,234.6,27.3,295.4,31.6,90.6,6.7,125.8,8.5,40.2,2.3,89.6,4.4,117.5,4.0,239.0,6.3,,,,,,,,,2002-12-23,161.8,4.7,322.3,7.1,"since-start measured from 2005-09-26, after the last unadjusted break; 2005-07-29 -80% one-day move not adjusted by Yahoo (bonus/split, demerger or bad data) - horizons spanning it are blanked; 2017-10-25 +39% one-day move (looks genuine, kept)"
PSU Banks,5,NSE:UNIONBANK,Union Bank of India,Banks - Regional,Large,127932.0,57.4,52.0,53.0,79.0,54.0,49.0,6.2,0.3,0.92,13.8,7.6,31.7,,,2.98,74.76,0.0,18.4,,,20.8,20.8,24.4,24.4,37.5,17.3,46.4,21.0,49.5,14.4,63.3,17.8,288.4,40.4,338.6,44.8,359.8,35.7,448.1,40.5,17.0,1.6,39.5,3.4,-28.8,-2.2,-0.1,-0.0,24.2,1.1,97.9,3.5,,,,,,,,,2002-09-24,925.0,10.2,1868.2,13.2,
PSU Banks,6,NSE:BANKBARODA,Bank of Baroda,Banks - Regional,Large,119365.0,55.3,48.0,62.0,86.0,55.0,23.0,6.6,0.31,0.71,14.0,10.3,10.0,,,3.68,63.97,0.0,29.1,,,-11.1,-11.1,-8.2,-8.2,-7.3,-3.7,-1.0,-0.5,6.0,1.9,16.3,5.2,80.3,15.9,103.8,19.5,180.0,22.9,226.0,26.7,36.7,3.2,60.3,4.8,54.2,2.9,101.9,4.8,305.9,7.3,501.9,9.4,,,,,,,,,2002-07-01,1663.3,12.6,3124.5,15.4,Yahoo history starts 2002-07-01 (listed 1997-02-19) - longer horizons missing
PSU Banks,7,NSE:PNB,Punjab National Bank,Banks - Regional,Large,125928.0,54.4,47.0,58.0,80.0,54.0,34.0,5.7,0.27,0.81,9.4,10.0,76.4,,,2.74,70.08,0.0,18.9,,,-2.6,-2.6,0.2,0.2,4.1,2.1,10.3,5.0,31.7,9.6,41.1,12.2,209.1,32.6,235.4,35.4,169.9,22.0,199.3,24.5,-23.6,-2.7,-15.2,-1.6,-41.4,-3.5,-27.6,-2.1,4.2,0.2,45.1,1.9,,,,,,,,,2002-07-01,1044.9,10.6,1629.6,12.5,"2017-10-25 +46% one-day move (looks genuine, kept)"
PSU Banks,8,NSE:BANKINDIA,Bank of India,Banks - Regional,Mid,58948.0,53.7,45.0,51.0,86.0,55.0,33.0,4.8,0.23,0.65,9.7,7.3,39.0,,,3.59,73.38,0.0,27.4,,,3.9,3.9,7.3,7.3,16.8,8.1,25.0,11.8,14.8,4.7,25.6,7.9,173.7,28.7,207.8,32.5,128.8,18.0,168.7,21.9,11.2,1.1,30.7,2.7,-58.5,-5.7,-45.9,-4.0,-20.1,-1.1,15.5,0.7,,,,,,,,,2002-07-01,267.3,5.5,571.9,8.2,Yahoo history starts 2002-07-01 (listed 1997-04-30) - longer horizons missing
PSU Banks,9,NSE:CENTRALBK,Central Bank of India,Banks - Regional,Small,27199.0,46.8,44.0,38.0,85.0,52.0,11.0,6.1,0.29,0.66,9.1,9.3,39.2,,,4.63,81.19,-8.08,26.6,,,-20.3,-20.3,-18.1,-18.1,-48.8,-28.5,-46.9,-27.2,-42.9,-17.0,-40.7,-16.0,52.7,11.2,58.4,12.2,34.8,6.2,39.9,6.9,-68.7,-11.0,-67.5,-10.6,-70.1,-7.7,-66.7,-7.1,,,,,,,,,,,,,2007-08-21,-69.4,-6.0,-62.4,-5.0,
PSU Banks,10,NSE:IOB,Indian Overseas Bank,Banks - Regional,Mid,58887.0,46.4,51.0,44.0,78.0,27.0,10.0,10.3,0.49,1.51,10.8,14.2,37.1,,,,92.44,-2.17,26.8,,,-23.2,-23.2,-23.2,-23.2,-47.2,-27.3,-47.2,-27.3,-37.2,-14.4,-37.2,-14.4,74.1,14.9,74.1,14.9,35.0,6.2,35.0,6.2,17.3,1.6,17.3,1.6,-66.4,-7.0,-62.5,-6.3,-71.9,-6.2,-62.9,-4.8,,,,,,,,,2002-07-01,139.2,3.7,277.9,5.6,Yahoo history starts 2002-07-01 (listed 2000-12-07) - longer horizons missing
