Index,Category,1Y CAGR %,2Y CAGR %,3Y CAGR %,5Y CAGR %,10Y CAGR %,15Y CAGR %,20Y CAGR %,25Y CAGR %,30Y CAGR %,Since start CAGR %,Since start years,Data since,Longest horizon,1Y %,2Y %,3Y %,5Y %,10Y %,15Y %,20Y %,25Y %,30Y %,Since start %,Level now,As of,NSE name
Nifty Midcap 50,Broad market,4.7,-0.3,13.2,15.3,15.3,15.1,11.1,,,13.2,22.7,2004-01-01,20Y,4.7,-0.7,45.1,103.8,313.2,724.1,718.5,,,1584.0,16840.35,2026-10-01,NIFTY MIDCAP 50
Nifty Midcap 100,Broad market,3.0,-1.4,13.1,14.1,14.0,,,,,14.8,10.9,2015-11-09,10Y,3.0,-2.7,44.6,93.2,270.5,,,,,349.2,58732.0,2026-10-01,NIFTY MIDCAP 100
Nifty Midcap 150,Broad market,2.0,-1.7,12.6,13.7,15.3,16.8,13.8,,,15.4,21.5,2005-04-01,20Y,2.0,-3.3,42.6,90.3,314.1,924.2,1234.3,,,2064.4,21643.85,2026-10-01,NIFTY MIDCAP 150
Nifty Midsmallcap 400,Broad market,2.7,-2.0,12.6,13.6,14.6,16.0,13.2,,,15.0,21.5,2005-04-01,20Y,2.7,-4.0,42.6,89.5,290.8,823.0,1097.9,,,1919.5,20194.95,2026-10-01,NIFTY MIDSMALLCAP 400
Nifty Smallcap 250,Broad market,4.3,-2.6,12.7,13.4,13.3,14.3,12.0,,,14.3,21.5,2005-04-01,20Y,4.3,-5.1,42.9,87.3,247.1,646.3,860.8,,,1658.9,17589.05,2026-10-01,NIFTY SMALLCAP 250
Nifty Smallcap 50,Broad market,12.5,1.3,17.2,12.4,10.6,11.3,9.3,,,10.3,21.2,2005-07-15,20Y,12.5,2.7,61.0,79.0,174.0,398.2,489.8,,,699.7,9534.7,2026-10-01,NIFTY SMALLCAP 50
Nifty Smallcap 100,Broad market,7.3,-0.7,14.2,11.8,11.7,,,,,13.6,10.5,2016-04-01,10Y,7.3,-1.4,48.7,74.8,201.4,,,,,282.4,19058.65,2026-10-01,NIFTY SMALLCAP 100
Nifty Next 50,Broad market,1.3,-5.5,15.2,10.2,11.4,14.0,12.5,18.1,15.0,15.0,30.0,1996-10-01,30Y,1.3,-10.7,52.7,62.3,193.2,617.5,960.3,6345.0,6557.9,6557.9,68981.35,2026-10-01,NIFTY NEXT 50
Nifty 500 Multicap 50:25:25,Broad market,-2.3,-4.1,9.7,9.8,12.4,13.5,11.8,,,13.6,21.5,2005-04-01,20Y,-2.3,-8.1,31.9,59.5,220.5,564.0,827.1,,,1459.1,15591.4,2026-10-01,NIFTY500 MULTICAP 50:25:25
Nifty Largemidcap 250,Broad market,-3.0,-4.0,9.6,9.8,12.8,14.0,11.9,,,13.6,21.5,2005-04-01,20Y,-3.0,-7.9,31.5,59.5,232.6,617.4,849.9,,,1460.5,15604.7,2026-10-01,NIFTY LARGEMIDCAP 250
Nifty 500,Broad market,-4.7,-5.1,8.2,7.8,11.2,12.2,10.5,15.6,,12.9,27.3,1999-06-07,25Y,-4.7,-9.9,26.7,45.6,190.2,460.0,632.3,3671.8,,2676.8,21857.75,2026-10-01,NIFTY 500
Nifty 200,Broad market,-5.8,-5.5,7.6,7.0,10.8,11.7,10.2,,,12.9,22.1,2004-09-08,20Y,-5.8,-10.7,24.6,40.5,178.2,427.5,594.1,,,1351.4,13046.45,2026-10-01,NIFTY 200
Nifty 100,Broad market,-7.8,-6.5,6.5,5.8,10.1,11.2,10.1,,,14.2,23.7,2003-01-01,20Y,-7.8,-12.5,20.6,32.3,161.5,393.4,578.9,,,2251.7,23516.5,2026-10-01,NIFTY 100
Nifty 50,Broad market,-9.7,-6.8,4.7,5.0,9.9,10.8,9.6,13.7,11.2,11.2,30.0,1996-10-01,30Y,-9.7,-13.1,14.8,27.9,156.6,362.4,528.1,2363.7,2294.8,2294.8,22421.95,2026-10-01,NIFTY 50
S&P BSE Sensex,Broad market,-11.2,-7.6,3.2,4.1,9.8,10.5,9.2,13.9,,10.1,29.3,1997-07-01,25Y,-11.2,-14.7,9.8,22.4,154.6,345.2,481.5,2472.5,,1572.0,71909.703125,2026-10-01,S&P BSE SENSEX
Nifty Total Market,Broad market,-4.0,-4.9,8.6,,,,,,,8.0,4.7,2022-01-10,3Y,-4.0,-9.5,27.9,,,,,,,43.6,12382.3,2026-10-01,NIFTY TOTAL MARKET
Nifty Microcap 250,Broad market,11.7,0.1,16.9,,,,,,,20.2,4.7,2022-01-10,3Y,11.7,0.2,59.6,,,,,,,138.8,25911.8,2026-10-01,NIFTY MICROCAP 250
Nifty 500 Largemidsmall Equal-cap Weighted,Broad market,-0.5,,,,,,,,,-2.4,1.8,2024-12-16,1Y,-0.5,,,,,,,,,-4.2,17505.1,2026-10-01,NIFTY500 LARGEMIDSMALL EQUAL-CAP WEIGHTED
Nifty Smallcap 500,Broad market,,,,,,,,,,,0.4,2026-05-11,,,,,,,,,,,4.0,20240.3,2026-10-01,NIFTY SMALLCAP 500
Nifty Midsmallcap400 50:50,Broad market,,,,,,,,,,,0.4,2026-05-11,,,,,,,,,,,-1.0,19799.6,2026-10-01,NIFTY MIDSMALLCAP400 50:50
Nifty Midcap Select,Broad market,6.8,1.0,14.2,,,,,,,12.6,4.7,2022-01-10,3Y,6.8,2.0,49.0,,,,,,,75.3,13562.75,2026-10-01,NIFTY MIDCAP SELECT
Nifty PSU Bank,Sector,5.9,8.3,13.8,26.0,9.6,6.4,7.6,,,9.5,22.7,2004-01-01,20Y,5.8,17.4,47.5,217.4,149.0,153.7,330.8,,,693.8,7937.8,2026-10-01,NIFTY PSU BANK
Nifty Auto,Sector,-5.2,-3.2,16.7,19.1,9.5,14.1,13.0,,,15.3,22.7,2004-01-01,20Y,-5.2,-6.3,58.7,139.5,147.0,618.2,1043.8,,,2438.5,25384.95,2026-10-01,NIFTY AUTO
Nifty Metal,Sector,23.5,10.4,22.4,17.2,17.0,10.5,,,,8.1,15.2,2011-07-12,15Y,23.5,21.9,83.3,121.0,381.8,344.3,,,,228.3,12460.7,2026-10-01,NIFTY METAL
Nifty Pharma,Sector,21.1,6.3,19.9,12.5,8.5,12.5,12.1,14.4,,13.5,25.7,2001-01-01,25Y,21.1,12.9,72.2,80.4,126.1,484.7,888.6,2809.7,,2531.2,26311.55,2026-10-01,NIFTY PHARMA
Nifty Healthcare Index,Sector,12.4,4.5,18.6,12.2,9.7,13.3,12.8,,,13.8,21.5,2005-04-01,20Y,12.4,9.2,66.5,78.2,152.2,548.5,1013.8,,,1509.6,16095.55,2026-10-01,NIFTY HEALTHCARE INDEX
Nifty Realty,Sector,-4.8,-12.8,13.0,10.5,14.9,9.1,,,,-0.9,19.8,2006-12-29,15Y,-4.8,-23.9,44.4,65.0,299.5,271.4,,,,-16.5,835.0,2026-10-01,NIFTY REALTY
Nifty Bank,Sector,-1.6,1.4,7.1,7.9,10.8,12.6,12.4,18.3,,16.1,26.7,2000-01-01,25Y,-1.6,2.9,22.6,46.3,178.0,492.8,934.2,6620.2,,5345.1,54450.75,2026-10-01,NIFTY BANK
Nifty Financial Services 25/50,Sector,-7.2,-1.2,8.8,7.7,,,,,,15.4,6.1,2020-08-10,5Y,-7.2,-2.4,28.8,45.2,,,,,,141.6,26434.75,2026-10-01,NIFTY FINANCIAL SERVICES 25/50
Nifty Private Bank,Sector,-1.1,0.4,5.1,6.7,9.4,13.5,14.7,,,16.5,21.5,2005-04-01,20Y,-1.1,0.9,16.1,38.0,144.7,564.1,1457.7,,,2569.7,26697.25,2026-10-01,NIFTY PRIVATE BANK
Nifty Financial Services,Sector,-6.9,0.2,7.6,6.2,11.7,13.4,13.3,,,15.1,22.7,2004-01-01,20Y,-6.9,0.3,24.4,35.4,203.2,557.1,1114.4,,,2355.6,24556.1,2026-10-01,NIFTY FINANCIAL SERVICES
Nifty Oil & Gas,Sector,-7.3,-10.1,10.3,6.1,11.3,10.2,10.3,,,11.5,21.5,2005-04-01,20Y,-7.3,-19.1,34.1,34.3,191.5,329.7,610.1,,,947.5,10474.85,2026-10-01,NIFTY OIL & GAS
Nifty Consumer Durables,Sector,-3.9,-9.5,7.3,5.7,14.9,16.2,15.3,,,18.1,21.5,2005-04-01,20Y,-3.9,-18.1,23.3,31.6,300.0,853.6,1623.9,,,3492.8,35927.8,2026-10-01,NIFTY CONSUMER DURABLES
Nifty FMCG,Sector,-20.5,-18.2,-5.2,1.6,7.3,10.5,11.0,12.4,12.8,12.8,30.0,1996-10-01,30Y,-20.5,-33.1,-14.7,8.4,101.5,348.0,699.6,1769.9,3605.9,3605.9,43789.85,2026-10-01,NIFTY FMCG
Nifty IT,Sector,-16.5,-18.3,-3.7,-4.0,10.6,11.4,9.6,4.0,12.3,12.3,30.0,1996-10-01,30Y,-16.5,-33.3,-10.8,-18.6,174.5,406.5,527.7,166.6,3186.2,3186.2,28304.7,2026-10-01,NIFTY IT
Nifty Media,Sector,-3.6,-15.6,-12.3,-6.4,-6.8,1.8,0.3,,,2.1,20.8,2005-12-30,20Y,-3.6,-28.8,-32.5,-28.2,-50.6,31.4,5.3,,,54.6,1546.3,2026-10-01,NIFTY MEDIA
Nifty Midsmall Healthcare,Sector,16.8,9.7,,,,,,,,18.3,2.5,2024-04-08,2Y,16.8,20.4,,,,,,,,51.8,50963.75,2026-10-01,NIFTY MIDSMALL HEALTHCARE
Nifty Financial Services Ex-bank,Sector,-2.1,,,,,,,,,4.7,1.8,2024-12-16,1Y,-2.1,,,,,,,,,8.6,29054.05,2026-10-01,NIFTY FINANCIAL SERVICES EX-BANK
Nifty Midsmall Financial Services,Sector,14.3,,,,,,,,,12.8,1.8,2024-12-16,1Y,14.2,,,,,,,,,24.1,20737.45,2026-10-01,NIFTY MIDSMALL FINANCIAL SERVICES
Nifty Midsmall IT & Telecom,Sector,2.5,,,,,,,,,-9.9,1.8,2024-12-16,1Y,2.5,,,,,,,,,-17.0,9546.4,2026-10-01,NIFTY MIDSMALL IT & TELECOM
Nifty Chemicals,Sector,-3.4,,,,,,,,,3.8,1.6,2025-03-11,1Y,-3.4,,,,,,,,,5.9,27944.45,2026-10-01,NIFTY CHEMICALS
Nifty 500 Healthcare,Sector,,,,,,,,,,,0.9,2025-11-07,,,,,,,,,,,11.3,21046.9,2026-10-01,NIFTY500 HEALTHCARE
Nifty REITS & Realty,Sector,,,,,,,,,,,0.4,2026-05-11,,,,,,,,,,,3.0,1861.6,2026-10-01,NIFTY REITS & REALTY
Nifty Cement,Sector,,,,,,,,,,,0.6,2026-02-17,,,,,,,,,,,-17.8,13557.2,2026-10-01,NIFTY CEMENT
Nifty 500 Value 50,Strategy,3.4,-1.9,17.8,19.6,13.0,12.7,12.7,,,13.4,21.5,2005-04-01,20Y,3.4,-3.7,63.5,144.4,237.9,498.8,995.5,,,1398.4,14984.2,2026-10-01,NIFTY500 VALUE 50
Nifty 200 Alpha 30,Strategy,3.3,-6.7,12.6,12.5,16.8,18.8,14.1,,,16.2,21.5,2005-04-01,20Y,3.3,-13.0,42.8,80.5,370.4,1230.4,1304.4,,,2410.9,25108.6,2026-10-01,NIFTY200 ALPHA 30
Nifty Alpha 50,Strategy,9.2,-5.6,13.6,11.2,18.7,19.5,15.6,,,19.1,22.8,2003-12-31,20Y,9.1,-10.8,46.3,70.3,453.9,1339.3,1700.7,,,5285.6,53855.85,2026-10-01,NIFTY ALPHA 50
Nifty 100 Equal Weight,Strategy,-1.7,-4.2,12.0,9.3,10.7,,,,,11.3,10.9,2015-11-09,10Y,-1.7,-8.2,40.5,56.0,176.3,,,,,221.1,32490.75,2026-10-01,NIFTY100 EQUAL WEIGHT
Nifty 50 Equal Weight,Strategy,-4.2,-4.3,9.3,9.2,10.8,11.1,10.2,15.8,12.5,12.5,30.0,1996-10-01,30Y,-4.2,-8.4,30.4,55.0,178.9,383.7,598.6,3835.7,3354.2,3354.2,30532.4,2026-10-01,NIFTY50 EQUAL WEIGHT
Nifty 200 Momentum 30,Strategy,-3.0,-12.0,7.9,8.1,14.5,17.4,15.0,,,17.0,21.5,2005-04-01,20Y,-3.0,-22.6,25.6,47.9,285.9,1001.4,1534.4,,,2821.6,29216.2,2026-10-01,NIFTY200 MOMENTUM 30
Nifty Dividend Opportunities 50,Strategy,-8.7,-11.7,5.8,7.7,9.7,9.4,,,,9.3,19.0,2007-10-01,15Y,-8.7,-22.0,18.2,44.8,152.5,284.8,,,,442.0,5420.0,2026-10-01,NIFTY DIVIDEND OPPORTUNITIES 50
Nifty Alpha Low-volatility 30,Strategy,-4.7,-10.5,8.0,7.2,,,,,,12.8,6.1,2020-08-10,5Y,-4.7,-19.9,26.1,41.4,,,,,,110.0,24935.1,2026-10-01,NIFTY ALPHA LOW-VOLATILITY 30
Nifty 100 Alpha 30,Strategy,-6.9,-10.5,10.5,6.6,12.6,14.8,11.7,,,14.0,21.5,2005-04-01,20Y,-6.8,-19.9,34.7,37.5,228.5,692.0,818.3,,,1586.6,16866.5,2026-10-01,NIFTY100 ALPHA 30
Nifty 100 Low Volatility 30,Strategy,-7.2,-6.8,7.6,6.4,10.4,12.3,12.0,,,14.6,21.5,2005-04-01,20Y,-7.2,-13.2,24.4,36.5,169.2,471.3,860.9,,,1758.8,18587.95,2026-10-01,NIFTY100 LOW VOLATILITY 30
Nifty Growth Sectors 15,Strategy,-10.1,-9.7,2.2,5.6,6.7,11.1,,,,14.2,17.7,2009-01-01,15Y,-10.0,-18.4,6.8,31.1,90.8,382.5,,,,948.8,10487.55,2026-10-01,NIFTY GROWTH SECTORS 15
Nifty 100 Quality 30,Strategy,-5.8,-8.4,6.1,5.6,,,,,,8.5,8.2,2018-07-16,5Y,-5.8,-16.1,19.3,31.2,,,,,,95.7,5261.85,2026-10-01,NIFTY100 QUALITY 30
Nifty 200 Quality 30,Strategy,-8.0,-10.3,4.8,4.5,,,,,,9.5,7.7,2019-01-14,5Y,-8.0,-19.6,15.1,24.6,,,,,,101.3,18803.9,2026-10-01,NIFTY200 QUALITY 30
Nifty 50 Value 20,Strategy,-11.9,-12.4,2.5,4.2,11.5,11.6,,,,14.5,17.7,2009-01-01,15Y,-11.9,-23.3,7.6,22.6,195.8,417.2,,,,1010.5,11105.25,2026-10-01,NIFTY50 VALUE 20
Nifty Midcap150 Quality 50,Strategy,-5.1,-6.9,6.2,,,,,,,4.9,4.7,2022-01-10,3Y,-5.1,-13.3,19.8,,,,,,,25.6,22638.65,2026-10-01,NIFTY MIDCAP150 QUALITY 50
Nifty Midcap150 Momentum 50,Strategy,1.5,-5.4,,,,,,,,7.0,2.7,2024-01-08,2Y,1.5,-10.4,,,,,,,,20.2,60292.35,2026-10-01,NIFTY MIDCAP150 MOMENTUM 50
Nifty 500 Momentum 50,Strategy,2.9,,,,,,,,,-6.1,1.9,2024-11-11,1Y,2.9,,,,,,,,,-11.2,52578.5,2026-10-01,NIFTY500 MOMENTUM 50
Nifty Midsmallcap400 Momentum Quality 100,Strategy,4.0,,,,,,,,,-2.4,1.9,2024-11-11,1Y,4.0,,,,,,,,,-4.5,49153.65,2026-10-01,NIFTY MIDSMALLCAP400 MOMENTUM QUALITY 100
Nifty Smallcap250 Momentum Quality 100,Strategy,5.3,,,,,,,,,-2.7,1.9,2024-11-11,1Y,5.3,,,,,,,,,-5.1,47377.4,2026-10-01,NIFTY SMALLCAP250 MOMENTUM QUALITY 100
Nifty Top 10 Equal Weight,Strategy,-13.7,,,,,,,,,-7.8,1.9,2024-11-11,1Y,-13.7,,,,,,,,,-14.1,8054.9,2026-10-01,NIFTY TOP 10 EQUAL WEIGHT
Nifty Alpha Quality Low-volatility 30,Strategy,-4.5,,,,,,,,,-5.7,1.8,2024-12-16,1Y,-4.5,,,,,,,,,-10.0,21292.0,2026-10-01,NIFTY ALPHA QUALITY LOW-VOLATILITY 30
Nifty Alpha Quality Value Low-volatility 30,Strategy,-9.4,,,,,,,,,-6.9,1.8,2024-12-16,1Y,-9.4,,,,,,,,,-12.0,18721.05,2026-10-01,NIFTY ALPHA QUALITY VALUE LOW-VOLATILITY 30
Nifty High Beta 50,Strategy,9.4,,,,,,,,,4.4,1.8,2024-12-16,1Y,9.4,,,,,,,,,8.0,4116.45,2026-10-01,NIFTY HIGH BETA 50
Nifty Low Volatility 50,Strategy,-7.6,,,,,,,,,-3.5,1.8,2024-12-16,1Y,-7.5,,,,,,,,,-6.2,22880.65,2026-10-01,NIFTY LOW VOLATILITY 50
Nifty Quality Low-volatility 30,Strategy,-9.1,,,,,,,,,-6.4,1.8,2024-12-16,1Y,-9.1,,,,,,,,,-11.2,15540.9,2026-10-01,NIFTY QUALITY LOW-VOLATILITY 30
Nifty Smallcap250 Quality 50,Strategy,-7.2,,,,,,,,,-13.2,1.8,2024-12-16,1Y,-7.2,,,,,,,,,-22.4,24260.25,2026-10-01,NIFTY SMALLCAP250 QUALITY 50
Nifty Top 15 Equal Weight,Strategy,-13.4,,,,,,,,,-5.9,1.8,2024-12-16,1Y,-13.4,,,,,,,,,-10.2,9003.7,2026-10-01,NIFTY TOP 15 EQUAL WEIGHT
Nifty 200 Value 30,Strategy,4.2,-1.9,,,,,,,,1.7,2.3,2024-06-13,2Y,4.2,-3.8,,,,,,,,4.0,13867.35,2026-10-01,NIFTY200 VALUE 30
Nifty 500 Equal Weight,Strategy,-0.6,,,,,,,,,-2.3,1.8,2024-12-16,1Y,-0.6,,,,,,,,,-4.1,14140.6,2026-10-01,NIFTY500 EQUAL WEIGHT
Nifty 500 Multicap Momentum Quality 50,Strategy,-2.6,,,,,,,,,-10.4,1.8,2024-12-16,1Y,-2.6,,,,,,,,,-17.9,39683.85,2026-10-01,NIFTY500 MULTICAP MOMENTUM QUALITY 50
Nifty Top 20 Equal Weight,Strategy,-10.3,,,,,,,,,-5.7,1.8,2024-12-16,1Y,-10.3,,,,,,,,,-10.0,8216.0,2026-10-01,NIFTY TOP 20 EQUAL WEIGHT
Nifty 500 Quality 50,Strategy,-3.8,,,,,,,,,6.9,1.6,2025-03-13,1Y,-3.8,,,,,,,,,10.9,18159.05,2026-10-01,NIFTY500 QUALITY 50
Nifty 500 Low Volatility 50,Strategy,-6.2,,,,,,,,,5.5,1.6,2025-03-13,1Y,-6.2,,,,,,,,,8.6,20717.95,2026-10-01,NIFTY500 LOW VOLATILITY 50
Nifty 500 Multifactor MQVLV 50,Strategy,-7.8,,,,,,,,,0.3,1.5,2025-03-25,1Y,-7.8,,,,,,,,,0.5,28696.5,2026-10-01,NIFTY500 MULTIFACTOR MQVLV 50
Nifty 500 Flexicap Quality 30,Strategy,,,,,,,,,,,0.9,2025-11-10,,,,,,,,,,,-12.9,9278.2,2026-10-01,NIFTY500 FLEXICAP QUALITY 30
Nifty Total Market Momentum Quality 50,Strategy,,,,,,,,,,,0.9,2025-11-07,,,,,,,,,,,-1.0,42352.85,2026-10-01,NIFTY TOTAL MARKET MOMENTUM QUALITY 50
Nifty SME Emerge,Theme,-2.2,-4.4,17.5,36.2,,,,,,31.7,9.8,2016-12-01,5Y,-2.2,-8.6,62.0,368.8,,,,,,1399.3,14993.35,2026-10-01,NIFTY SME EMERGE
Nifty CPSE,Theme,-5.6,-7.8,16.6,20.9,10.4,8.2,9.5,,,10.0,22.7,2004-01-01,20Y,-5.6,-15.0,58.6,158.5,168.8,226.7,510.5,,,773.8,6120.1,2026-10-01,NIFTY CPSE
Nifty Midcap Liquid 15,Theme,7.9,5.3,19.1,18.1,16.8,16.1,,,,16.9,17.7,2009-01-01,15Y,7.9,10.8,68.7,129.9,373.8,839.6,,,,1503.9,16038.55,2026-10-01,NIFTY MIDCAP LIQUID 15
Nifty PSE,Theme,-6.3,-9.5,15.7,17.5,9.9,7.7,7.1,13.9,9.4,9.4,30.0,1996-10-01,30Y,-6.3,-18.1,54.8,124.0,157.6,204.5,291.4,2461.2,1386.5,1386.5,9208.65,2026-10-01,NIFTY PSE
Nifty Mobility,Theme,-4.5,-3.3,17.4,17.2,12.2,15.2,13.5,,,15.3,21.5,2005-04-01,20Y,-4.5,-6.5,61.9,121.5,216.0,739.7,1150.1,,,2053.9,21539.5,2026-10-01,NIFTY MOBILITY
Nifty Infrastructure,Theme,-4.6,-5.1,11.4,11.4,11.7,8.5,6.0,,,9.9,22.7,2004-01-01,20Y,-4.6,-9.9,38.1,71.3,201.4,239.5,221.1,,,760.5,8605.15,2026-10-01,NIFTY INFRASTRUCTURE
Nifty Commodities,Theme,1.1,-3.5,12.4,9.8,11.4,9.6,9.0,,,10.2,22.7,2004-01-01,20Y,1.1,-6.9,42.0,59.4,194.8,297.1,463.6,,,813.0,9130.25,2026-10-01,NIFTY COMMODITIES
Nifty Energy,Theme,3.4,-8.7,10.5,9.6,13.9,11.0,9.9,15.9,,15.0,25.7,2001-01-01,25Y,3.4,-16.7,34.9,58.2,267.0,376.1,562.2,3924.8,,3538.8,36388.15,2026-10-01,NIFTY ENERGY
Nifty MNC,Theme,0.3,-4.4,11.1,9.4,11.1,13.3,11.6,13.6,12.4,12.4,30.0,1996-10-01,30Y,0.3,-8.5,37.0,56.5,185.8,552.9,803.0,2336.8,3259.2,3259.2,29972.45,2026-10-01,NIFTY MNC
Nifty 100 Liquid 15,Theme,-1.6,-0.3,9.8,9.3,6.5,8.0,,,,9.1,17.7,2009-01-01,15Y,-1.6,-0.7,32.5,56.2,87.5,216.4,,,,369.1,7037.25,2026-10-01,NIFTY100 LIQUID 15
Nifty India Consumption,Theme,-10.5,-7.9,8.8,8.7,10.6,12.8,11.4,,,12.2,20.7,2006-01-02,20Y,-10.5,-15.2,28.8,51.6,173.7,512.3,764.6,,,986.3,10862.95,2026-10-01,NIFTY INDIA CONSUMPTION
Nifty Housing,Theme,-3.6,-4.8,7.7,7.6,11.3,11.1,9.9,,,11.8,21.5,2005-04-01,20Y,-3.6,-9.3,24.8,44.0,190.9,383.4,560.8,,,1009.5,11095.35,2026-10-01,NIFTY HOUSING
Nifty Conglomerate 50,Theme,-2.7,-5.3,7.5,7.3,12.9,12.9,10.5,,,13.0,21.5,2005-04-01,20Y,-2.7,-10.3,24.1,42.5,236.7,514.7,633.8,,,1289.7,13897.3,2026-10-01,NIFTY CONGLOMERATE 50
Nifty 100 ESG,Theme,-5.7,-5.3,7.7,5.4,11.2,12.3,,,,10.4,15.5,2011-04-01,15Y,-5.7,-10.4,25.0,29.8,188.5,468.1,,,,364.6,4645.6,2026-10-01,NIFTY100 ESG
Nifty 100 ESG Sector Leaders,Theme,-9.7,-6.8,5.5,4.7,10.0,,,,,10.9,12.7,2014-01-01,10Y,-9.7,-13.2,17.4,25.6,159.6,,,,,275.1,3750.55,2026-10-01,NIFTY100 ESG SECTOR LEADERS
Nifty 500 Shariah,Theme,-6.0,-10.6,4.7,4.2,10.5,12.2,,,,10.0,19.8,2006-12-29,15Y,-6.0,-20.1,14.8,23.0,171.3,463.0,,,,557.0,6569.55,2026-10-01,NIFTY500 SHARIAH
Nifty Services Sector,Theme,-10.0,-6.4,5.0,3.5,10.1,11.3,10.0,14.9,,13.1,27.3,1999-06-01,25Y,-10.0,-12.4,15.7,18.6,161.2,395.7,575.3,3150.2,,2795.8,28957.9,2026-10-01,NIFTY SERVICES SECTOR
Nifty Shariah 25,Theme,-8.3,-11.5,3.2,2.4,7.8,10.3,,,,11.9,17.7,2009-01-01,15Y,-8.3,-21.6,10.0,12.7,110.9,334.8,,,,638.0,7379.85,2026-10-01,NIFTY SHARIAH 25
Nifty 50 Shariah,Theme,-13.7,-16.5,-1.8,-1.8,7.0,8.8,,,,7.2,19.8,2006-12-29,15Y,-13.7,-30.2,-5.2,-8.7,96.9,255.4,,,,292.9,3929.1,2026-10-01,NIFTY50 SHARIAH
Nifty India Digital,Theme,-8.6,-8.6,7.5,,,,,,,2.2,4.7,2022-01-10,3Y,-8.6,-16.5,24.1,,,,,,,11.0,8020.55,2026-10-01,NIFTY INDIA DIGITAL
Nifty India Manufacturing,Theme,2.2,-1.4,16.1,,,,,,,14.2,4.7,2022-01-10,3Y,2.2,-2.8,56.3,,,,,,,86.9,15195.9,2026-10-01,NIFTY INDIA MANUFACTURING
Nifty India Corporate Group Index - Tata Group 25% Cap,Theme,-9.7,-15.3,,,,,,,,-8.4,2.5,2024-04-08,2Y,-9.7,-28.3,,,,,,,,-19.6,13198.6,2026-10-01,NIFTY INDIA CORPORATE GROUP INDEX - TATA GROUP 25% CAP
Nifty 500 Multicap India Manufacturing 50:30:20,Theme,1.7,-1.3,,,,,,,,7.6,2.5,2024-04-08,2Y,1.7,-2.5,,,,,,,,19.8,15741.55,2026-10-01,NIFTY500 MULTICAP INDIA MANUFACTURING 50:30:20
Nifty 500 Multicap Infrastructure 50:30:20,Theme,-2.1,-5.0,,,,,,,,1.8,2.5,2024-04-08,2Y,-2.1,-9.7,,,,,,,,4.5,13562.6,2026-10-01,NIFTY500 MULTICAP INFRASTRUCTURE 50:30:20
Nifty India Defence,Theme,14.6,,,,,,,,,21.2,1.9,2024-11-11,1Y,14.6,,,,,,,,,43.8,9142.55,2026-10-01,NIFTY INDIA DEFENCE
Nifty India Tourism,Theme,-14.5,,,,,,,,,-4.4,1.9,2024-11-11,1Y,-14.5,,,,,,,,,-8.2,7580.8,2026-10-01,NIFTY INDIA TOURISM
Nifty Capital Markets,Theme,19.8,,,,,,,,,17.3,1.9,2024-11-11,1Y,19.8,,,,,,,,,35.0,5041.8,2026-10-01,NIFTY CAPITAL MARKETS
Nifty EV & New Age Automotive,Theme,-3.7,,,,,,,,,-2.4,1.8,2024-12-16,1Y,-3.7,,,,,,,,,-4.3,2978.4,2026-10-01,NIFTY EV & NEW AGE AUTOMOTIVE
Nifty India New Age Consumption,Theme,-7.8,,,,,,,,,-5.3,1.8,2024-12-16,1Y,-7.8,,,,,,,,,-9.2,11030.9,2026-10-01,NIFTY INDIA NEW AGE CONSUMPTION
Nifty India Select 5 Corporate Groups (MAATR),Theme,-3.3,,,,,,,,,-1.9,1.8,2024-12-16,1Y,-3.3,,,,,,,,,-3.4,35598.15,2026-10-01,NIFTY INDIA SELECT 5 CORPORATE GROUPS (MAATR)
Nifty 100 Enhanced ESG,Theme,-5.8,,,,,,,,,-3.1,1.8,2024-12-16,1Y,-5.8,,,,,,,,,-5.5,4675.65,2026-10-01,NIFTY100 ENHANCED ESG
Nifty Core Housing,Theme,-9.1,,,,,,,,,-10.1,1.8,2024-12-16,1Y,-9.1,,,,,,,,,-17.4,14295.75,2026-10-01,NIFTY CORE HOUSING
Nifty IPO,Theme,11.0,1.2,,,,,,,,4.0,2.2,2024-07-18,2Y,11.0,2.5,,,,,,,,9.1,2393.15,2026-10-01,NIFTY IPO
Nifty Midsmall India Consumption,Theme,-9.3,,,,,,,,,-9.6,1.8,2024-12-16,1Y,-9.3,,,,,,,,,-16.5,17478.5,2026-10-01,NIFTY MIDSMALL INDIA CONSUMPTION
Nifty Non-cyclical Consumer,Theme,-11.8,,,,,,,,,-7.8,1.8,2024-12-16,1Y,-11.8,,,,,,,,,-13.5,14173.75,2026-10-01,NIFTY NON-CYCLICAL CONSUMER
Nifty Rural,Theme,-9.4,-7.0,,,,,,,,-4.3,2.2,2024-07-26,2Y,-9.4,-13.5,,,,,,,,-9.2,13997.1,2026-10-01,NIFTY RURAL
Nifty Transportation & Logistics,Theme,-6.5,,,,,,,,,1.9,1.8,2024-12-16,1Y,-6.5,,,,,,,,,3.4,23925.65,2026-10-01,NIFTY TRANSPORTATION & LOGISTICS
Nifty India Internet,Theme,,,,,,,,,,,0.9,2025-11-07,,,,,,,,,,,-8.8,1323.5,2026-10-01,NIFTY INDIA INTERNET
Nifty Waves,Theme,-15.4,,,,,,,,,-6.7,1.4,2025-05-05,1Y,-15.4,,,,,,,,,-9.2,1812.75,2026-10-01,NIFTY WAVES
Nifty India Infrastructure & Logistics,Theme,,,,,,,,,,,0.9,2025-11-07,,,,,,,,,,,-1.0,11337.55,2026-10-01,NIFTY INDIA INFRASTRUCTURE & LOGISTICS
Nifty India Railways PSU,Theme,-26.7,,,,,,,,,-21.5,1.8,2024-11-27,1Y,-26.7,,,,,,,,,-36.0,2563.9,2026-10-01,NIFTY INDIA RAILWAYS PSU
