Account,Bucket,Symbol,Company,Sector,Cap Class,Market Cap (Cr),Price,52W High,52W Low,P/E,PE vs sector,Dividend/Share (annual),Dividend Yield %,ROE % (avg 4y),Revenue CAGR %,Profit CAGR %,Debt/Equity,Promoter %,Promoter chg 1y (pp),Return 1y %,Return 3y %,Score
PEW-Angel,Active (20),NSE:M&M,Mahindra & Mahindra Limited,Automobile and Auto Components,Large,343418.0,2860.0,3839.9,2812.0,17.4,0.49,33.0,1.15,17.6,17.5,18.5,125.3,18.45,0.01,-16.6,87.4,54.4
PEW-Angel,Active (20),NSE:MARUTI,Maruti Suzuki India Limited,Automobile and Auto Components,Large,357979.0,11386.0,17370.0,11305.0,25.0,0.7,140.0,1.23,13.9,15.9,21.1,0.1,58.65,0.37,-28.0,11.9,53.1
PEW-Angel,Active (20),NSE:PIDILITIND,Pidilite Industries Limited,Chemicals,Large,149114.0,1464.0,1707.5,1259.0,56.5,1.55,11.5,0.79,20.5,7.4,24.4,3.8,69.24,-0.09,-0.1,20.2,51.8
PEW-Angel,Active (20),NSE:MUTHOOTFIN,Muthoot Finance Limited,Financial Services,Large,108280.0,2697.1,4149.5,2671.0,9.5,0.45,30.0,1.11,19.8,38.0,43.1,393.6,73.35,0.0,-13.5,116.4,71.1
PEW-Angel,Active (20),NSE:UNIONBANK,Union Bank of India,Financial Services,Large,127932.0,167.59,205.49,135.3,6.2,0.3,5.0,2.98,13.8,7.6,31.7,,74.76,0.0,24.4,93.8,57.4
PEW-Angel,Active (20),NSE:JSWSTEEL,JSW Steel Limited,Metals & Mining,Large,300973.0,1233.0,1351.0,1073.2,12.2,0.66,7.1,0.58,11.1,3.6,75.3,95.4,44.29,-1.02,8.2,54.6,39.9
PEW-Angel,Active (20),NSE:BPCL,Bharat Petroleum Corporation Limited,Oil Gas & Consumable Fuels,Large,128434.0,300.6,391.65,266.6,7.5,0.66,20.0,6.65,20.4,-1.2,129.7,54.3,52.98,0.0,-7.1,96.8,49.1
PEW-Angel,Active (20),NSE:LODHA,Lodha Developers Limited,Realty,Large,110474.0,1105.6,1344.95,650.8,26.8,0.82,4.25,0.38,10.3,20.4,91.7,42.2,70.31,-1.59,-2.7,39.3,47.8
PEW-Angel,Active (20),NSE:MAZDOCK,Mazagon Dock Shipbuilders Limited,Capital Goods,Mid,83258.0,2064.0,2929.7,2031.2,31.1,0.6,20.83,1.01,27.9,19.6,32.2,4.5,81.22,0.0,-26.8,102.4,62.5
PEW-Angel,Active (20),NSE:RVNL,Rail Vikas Nigam Limited,Construction,Mid,41075.0,197.0,400.7,194.05,45.7,1.88,3.43,1.74,14.6,0.2,-13.3,49.1,72.84,0.0,-42.4,17.3,30.1
PEW-Angel,Active (20),NSE:COLPAL,Colgate Palmolive (India) Limited,Fast Moving Consumer Goods,Mid,47190.0,1735.0,2329.9,1716.1,35.0,0.84,48.0,2.77,75.4,4.9,8.2,3.0,51.0,0.0,-20.2,-5.0,52.9
PEW-Angel,Active (20),NSE:LUPIN,Lupin Limited,Healthcare,Mid,92885.0,2031.2,2529.5,1900.0,16.8,0.32,18.0,0.89,14.9,19.1,131.5,29.4,46.85,-0.05,3.3,78.9,59.6
PEW-Angel,Active (20),NSE:OFSS,Oracle Financial Services Software Limited,Information Technology,Mid,90760.0,10420.0,12540.0,6234.5,26.6,1.0,665.0,6.38,28.7,10.4,13.5,0.6,72.41,-0.15,24.8,171.2,64.6
PEW-Angel,Active (20),NSE:HINDCOPPER,Hindustan Copper Limited,Metals & Mining,Mid,44870.0,464.0,760.05,308.5,39.5,2.12,4.32,0.93,18.0,22.5,45.9,3.3,66.14,0.0,38.6,191.0,62.6
PEW-Angel,Active (20),NSE:THANGAMAYL,Thangamayil Jewellery Limited,Consumer Durables,Small,15137.0,4870.0,7430.0,1939.5,38.7,0.8,18.0,0.37,20.3,39.2,64.0,64.5,61.61,0.08,140.3,299.9,65.5
PEW-Angel,Active (20),NSE:TBOTEK,TBO Tek Limited,Consumer Services,Small,17929.0,1679.0,1764.8,1004.2,68.3,1.21,0.0,,28.6,36.7,19.2,48.8,44.41,0.0,9.6,,50.0
PEW-Angel,Active (20),NSE:GODFRYPHLP,Godfrey Phillips India Limited,Fast Moving Consumer Goods,Small,28852.0,1849.7,3486.0,1830.0,21.1,0.51,50.0,2.7,21.3,21.6,30.3,3.8,72.58,0.0,-44.1,177.3,65.4
PEW-Angel,Active (20),NSE:HUDCO,Housing & Urban Development Corporation Limited,Financial Services,Small,32335.0,161.52,246.85,159.0,7.6,0.36,6.0,3.71,14.3,10.0,33.3,645.8,75.0,0.0,-28.3,142.8,60.4
PEW-Angel,Active (20),NSE:NAVA,NAVA LIMITED,Power,Small,15577.0,549.8,739.4,501.65,20.6,0.76,8.5,1.54,13.1,6.8,-5.3,20.7,50.03,-0.1,-13.2,181.4,48.8
PEW-Angel,Active (20),NSE:VTL,Vardhman Textiles Limited,Textiles,Small,15342.0,530.0,688.0,385.5,17.8,0.44,5.0,0.94,8.1,-0.8,-2.1,17.5,65.08,0.87,30.4,41.7,43.1
PEW-Angel,To Invest (20),NSE:HAL,Hindustan Aeronautics Limited,Capital Goods,Large,307703.0,4601.0,5149.9,3479.1,33.0,0.64,20.0,0.43,24.2,6.4,16.1,0.2,71.64,0.0,-3.2,139.8,62.9
PEW-Angel,To Invest (20),NSE:LGEINDIA,LG Electronics India Limited,Consumer Durables,Large,116206.0,1712.0,1755.0,1304.1,63.7,1.31,0.0,,22.0,,,6.0,85.0,0.0,,,58.8
PEW-Angel,To Invest (20),NSE:NESTLEIND,Nestle India Limited,Fast Moving Consumer Goods,Large,252166.0,1307.7,1553.0,1158.6,66.2,1.59,12.0,0.92,95.3,17.0,23.1,8.6,62.76,0.0,13.3,20.3,59.1
PEW-Angel,To Invest (20),NSE:VBL,Varun Beverages Limited,Fast Moving Consumer Goods,Large,143857.0,425.3,555.8,381.0,42.6,1.02,2.0,0.47,22.5,17.3,26.6,15.9,59.43,-0.39,-3.7,17.2,54.4
PEW-Angel,To Invest (20),NSE:ICICIAMC,ICICI Prudential Asset Management Company Limited,Financial Services,Large,152133.0,3078.0,3611.0,2530.0,43.8,2.09,24.8,0.8,72.8,28.9,29.6,4.1,87.6,0.01,,,57.6
PEW-Angel,To Invest (20),NSE:DIVISLAB,Divi's Laboratories Limited,Healthcare,Large,245532.0,9249.0,9740.0,5647.5,84.0,1.61,30.0,0.32,14.0,11.0,12.1,0.0,51.88,-0.01,63.2,150.3,56.0
PEW-Angel,To Invest (20),NSE:TORNTPHARM,Torrent Pharmaceuticals Limited,Healthcare,Large,181333.0,4767.3,5250.0,3480.6,76.3,1.47,38.0,0.8,23.8,13.3,20.2,85.4,68.31,0.0,34.8,166.7,62.5
PEW-Angel,To Invest (20),NSE:DLF,DLF Limited,Realty,Large,162975.0,658.4,786.5,489.4,36.6,1.12,8.0,1.22,8.1,11.3,29.4,0.7,74.08,0.0,-7.7,25.7,51.5
PEW-Angel,To Invest (20),NSE:ENDURANCE,Endurance Technologies Limited,Automobile and Auto Components,Mid,36522.0,2596.4,3072.0,2142.8,37.7,1.06,11.5,0.44,13.3,18.2,25.7,19.4,75.0,0.0,-7.1,67.6,52.6
PEW-Angel,To Invest (20),NSE:IRCTC,Indian Railway Catering And Tourism Corporation Limited,Consumer Services,Mid,36320.0,454.0,735.75,446.5,26.0,0.46,9.0,1.98,35.8,13.8,11.5,1.9,62.4,0.0,-34.8,-32.7,61.4
PEW-Angel,To Invest (20),NSE:AEGISLOG,Aegis Logistics Limited,Oil Gas & Consumable Fuels,Mid,49196.0,1401.6,1528.7,576.1,39.4,3.46,13.4,0.96,14.2,-1.3,24.7,47.2,58.1,0.0,83.9,322.5,52.2
PEW-Angel,To Invest (20),NSE:TORNTPOWER,Torrent Power Limited,Power,Mid,62887.0,1248.0,1824.1,1188.0,27.1,1.0,20.0,1.61,16.0,4.0,4.5,70.9,51.09,0.0,3.6,78.2,45.9
PEW-Angel,To Invest (20),NSE:JSWINFRA,JSW Infrastructure Limited,Services,Mid,82304.0,355.5,375.5,233.42,50.2,1.91,0.9,0.25,15.6,19.0,27.2,59.0,73.93,-9.69,13.1,,51.3
PEW-Angel,To Invest (20),NSE:KPRMILL,K.P.R. Mill Limited,Textiles,Mid,36578.0,1067.9,1334.0,796.1,40.0,1.0,5.0,0.47,18.0,2.3,2.1,10.5,67.52,0.0,1.1,44.9,53.2
PEW-Angel,To Invest (20),NSE:ZFCVINDIA,ZF Commercial Vehicle Control Systems India Limited,Automobile and Auto Components,Small,25436.0,2235.0,3044.0,2050.33,2.5,0.07,4.0,0.18,14.0,6.2,17.6,1.5,60.0,0.0,3.1,-17.2,55.0
PEW-Angel,To Invest (20),NSE:CHAMBLFERT,Chambal Fertilizers & Chemicals Limited,Chemicals,Small,16006.0,399.5,522.0,396.5,8.3,0.23,12.0,3.01,17.5,-9.2,23.6,10.3,61.34,0.84,-19.9,49.8,55.8
PEW-Angel,To Invest (20),NSE:KARURVYSYA,Karur Vysya Bank Limited,Financial Services,Small,31489.0,325.75,358.65,208.5,11.5,0.55,2.6,0.8,15.7,18.7,31.4,,2.07,-0.03,55.7,208.0,70.3
PEW-Angel,To Invest (20),NSE:NUVAMA,Nuvama Wealth Management Limited,Financial Services,Small,31115.0,1686.3,2066.0,1096.9,29.0,1.38,28.0,1.65,22.2,20.0,50.5,282.3,53.98,-0.75,33.6,,60.7
PEW-Angel,To Invest (20),NSE:KPITTECH,KPIT Technologies Limited,Information Technology,Small,13394.0,492.0,1284.9,484.5,23.1,0.87,7.5,1.52,24.4,24.3,18.7,23.6,38.6,-0.85,-56.9,-57.0,52.7
PEW-Angel,To Invest (20),NSE:SARDAEN,Sarda Energy & Minerals Limited,Metals & Mining,Small,17478.0,496.0,624.0,453.1,15.5,0.83,2.0,0.4,14.3,10.4,22.5,35.2,73.16,0.0,-7.9,124.6,53.1
JPW-Angel,Active (20),NSE:EICHERMOT,Eicher Motors Limited,Automobile and Auto Components,Large,189969.0,6920.0,8230.0,6442.0,32.9,0.93,82.0,1.18,21.5,17.5,23.7,2.0,49.02,-0.05,-0.4,111.8,59.6
JPW-Angel,Active (20),NSE:CUMMINSIND,Cummins India Limited,Capital Goods,Large,134719.0,4860.0,6100.0,3882.5,56.8,1.09,66.0,1.36,25.4,16.1,24.4,0.4,51.0,0.0,27.9,193.3,62.0
JPW-Angel,Active (20),NSE:ULTRACEMCO,UltraTech Cement Limited,Construction Materials,Large,315056.0,10710.0,13110.0,10325.0,36.9,1.09,240.0,2.24,10.0,11.9,17.3,29.4,59.33,0.1,-9.6,27.3,44.4
JPW-Angel,Active (20),NSE:ITC,ITC Limited,Fast Moving Consumer Goods,Large,320656.0,255.9,426.4,254.65,16.2,0.39,16.0,6.25,33.3,3.6,2.5,3.3,0.0,0.0,-33.8,-33.7,51.3
JPW-Angel,Active (20),NSE:ICICIBANK,ICICI Bank Limited,Financial Services,Large,940802.0,1310.6,1480.0,1187.6,16.9,0.8,12.0,0.92,16.1,18.1,16.8,,0.0,0.0,-3.7,36.0,58.0
JPW-Angel,Active (20),NSE:COALINDIA,Coal India Limited,Oil Gas & Consumable Fuels,Large,259081.0,420.4,491.25,369.6,8.3,0.73,21.0,5.0,39.3,9.3,-0.7,11.6,61.13,-2.0,15.6,87.0,60.5
JPW-Angel,Active (20),NSE:ONGC,Oil & Natural Gas Corporation Limited,Oil Gas & Consumable Fuels,Large,279748.0,222.37,307.5,220.6,6.4,0.56,14.5,6.52,12.3,-1.3,4.1,42.5,58.89,0.0,-3.6,37.9,45.6
JPW-Angel,Active (20),NSE:ADANIPORTS,Adani Ports and Special Economic Zone Limited,Services,Large,400382.0,1737.8,1891.1,1292.0,29.7,1.13,7.5,0.43,14.5,22.9,34.1,64.1,66.03,0.14,22.7,107.2,60.6
JPW-Angel,Active (20),NSE:COROMANDEL,Coromandel International Limited,Chemicals,Mid,51839.0,1760.0,2499.0,1701.0,28.4,0.78,11.0,0.62,19.3,10.2,-0.9,11.5,56.35,-0.55,-21.3,58.8,47.7
JPW-Angel,Active (20),NSE:MARICO,Marico Limited,Fast Moving Consumer Goods,Mid,101419.0,781.35,889.1,703.95,53.8,1.29,4.0,0.51,38.9,11.8,10.6,12.4,58.91,-0.12,11.9,39.7,56.2
JPW-Angel,Active (20),NSE:MAHABANK,Bank of Maharashtra,Financial Services,Mid,61917.0,80.5,94.5,54.66,8.2,0.39,2.2,2.73,19.4,15.6,39.1,,73.6,-6.0,48.3,99.0,66.7
JPW-Angel,Active (20),NSE:NATIONALUM,National Aluminium Company Limited,Metals & Mining,Mid,61509.0,334.9,445.15,214.5,9.1,0.49,4.0,1.19,20.3,7.8,59.3,0.3,51.28,0.0,61.7,283.5,65.5
JPW-Angel,Active (20),NSE:NLCINDIA,NLC India Limited,Power,Mid,35061.0,252.85,387.8,230.0,10.6,0.39,3.85,1.52,12.7,2.7,36.1,110.4,69.47,-2.73,-7.2,98.6,51.7
JPW-Angel,Active (20),NSE:OBEROIRLTY,Oberoi Realty Limited,Realty,Mid,63798.0,1754.6,1986.1,1391.2,24.3,0.74,8.0,0.46,14.4,12.9,9.6,15.8,67.7,0.0,11.4,57.2,54.5
JPW-Angel,Active (20),NSE:ACE,Action Construction Equipment Limited,Capital Goods,Small,14433.0,1212.6,1268.0,745.1,33.0,0.64,2.0,0.16,22.8,15.0,34.2,0.4,65.42,0.01,13.5,73.1,63.6
JPW-Angel,Active (20),NSE:BLUESTARCO,Blue Star Limited,Consumer Durables,Small,30008.0,1459.6,2032.9,1432.3,58.8,1.21,8.5,0.58,20.2,15.8,9.6,23.6,36.5,0.01,-21.9,88.0,47.7
JPW-Angel,Active (20),NSE:EIHOTEL,EIH Limited,Consumer Services,Small,18601.0,297.45,413.95,271.15,26.1,0.46,1.5,0.5,13.4,13.3,25.9,4.7,32.85,0.0,-18.2,23.1,50.2
JPW-Angel,Active (20),NSE:J&KBANK,The Jammu & Kashmir Bank Limited,Financial Services,Small,15417.0,140.0,201.75,97.35,6.7,0.32,2.15,1.43,13.9,8.2,26.0,,59.4,0.0,34.4,37.0,61.8
JPW-Angel,Active (20),NSE:NATCOPHARM,Natco Pharma Limited,Healthcare,Small,15070.0,819.0,1226.8,792.05,12.9,0.25,5.95,0.72,19.6,14.5,25.6,7.7,49.42,-0.14,2.4,-3.3,59.6
JPW-Angel,Active (20),NSE:IKS,Inventurus Knowledge Solutions Limited,Information Technology,Small,29842.0,1778.9,1970.0,1262.0,39.7,1.5,0.0,,30.4,45.8,33.2,26.9,63.72,0.0,22.2,,61.5
JPW-Angel,To Invest (20),NSE:BAJAJ-AUTO,Bajaj Auto Limited,Automobile and Auto Components,Large,276040.0,10045.0,12470.0,8491.5,23.9,0.67,150.0,1.49,23.9,19.5,21.0,56.4,55.01,-0.03,18.1,117.3,58.0
JPW-Angel,To Invest (20),NSE:BEL,Bharat Electronics Limited,Capital Goods,Large,280038.0,383.1,473.45,378.65,45.7,0.88,2.5,0.65,24.5,15.5,26.6,0.3,51.14,0.0,-5.2,186.7,62.9
JPW-Angel,To Invest (20),NSE:CANBK,Canara Bank,Financial Services,Large,107360.0,118.36,162.89,116.51,5.4,0.26,4.2,3.55,16.1,5.0,20.5,,62.93,0.0,-1.2,78.2,58.5
JPW-Angel,To Invest (20),NSE:INDIANB,Indian Bank,Financial Services,Large,106834.0,793.15,1000.9,742.0,8.4,0.4,18.25,2.3,13.9,10.4,28.1,,73.84,0.0,9.9,112.1,66.0
JPW-Angel,To Invest (20),NSE:SUNPHARMA,Sun Pharmaceutical Industries Limited,Healthcare,Large,432120.0,1801.0,2046.9,1583.7,35.7,0.69,16.0,0.89,14.8,10.4,10.6,5.5,54.48,0.0,11.1,61.8,54.7
JPW-Angel,To Invest (20),NSE:LTM,LTM Limited,Information Technology,Large,118792.0,4007.0,6429.5,3528.0,22.7,0.86,75.0,1.87,22.7,8.4,4.4,9.9,68.49,-0.07,-20.4,-24.0,51.8
JPW-Angel,To Invest (20),NSE:HINDZINC,Hindustan Zinc Limited,Metals & Mining,Large,234526.0,555.05,733.0,453.5,13.7,0.74,21.0,3.78,67.8,5.6,9.6,39.0,60.71,-1.13,17.4,93.0,57.2
JPW-Angel,To Invest (20),NSE:BHARTIARTL,Bharti Airtel Limited,Telecommunication,Large,1086213.0,1741.1,2174.5,1726.3,36.4,0.82,24.0,1.38,16.8,14.9,47.3,100.4,50.07,-0.2,-5.6,95.4,53.5
JPW-Angel,To Invest (20),NSE:WAAREEENER,Waaree Energies Limited,Capital Goods,Mid,67310.0,2340.0,3718.8,2301.1,17.7,0.34,4.0,0.17,25.5,57.8,97.4,21.4,64.12,-0.18,-29.7,,57.1
JPW-Angel,To Invest (20),NSE:KALYANKJIL,Kalyan Jewellers India Limited,Consumer Durables,Mid,54581.0,528.5,648.95,327.05,38.2,0.79,2.5,0.47,15.6,36.4,46.1,97.0,62.86,0.04,14.0,135.0,57.1
JPW-Angel,To Invest (20),NSE:INDIAMART,Indiamart Intermesh Limited,Consumer Services,Mid,97551.0,1622.0,2525.9,1590.1,19.8,0.35,30.0,1.85,19.5,16.8,18.7,1.0,49.07,-0.1,-30.5,-44.7,58.8
JPW-Angel,To Invest (20),NSE:RECLTD,REC Limited,Financial Services,Mid,75771.0,287.75,388.3,286.2,4.7,0.22,6.2,2.15,19.8,14.4,13.5,607.5,52.63,0.0,-19.9,33.1,62.1
JPW-Angel,To Invest (20),NSE:GLAXO,GlaxoSmithKline Pharmaceuticals Limited,Healthcare,Mid,46756.0,2760.0,3120.7,2088.1,43.7,0.84,57.0,2.06,40.4,5.7,19.3,1.5,75.0,0.0,5.4,90.3,65.3
JPW-Angel,To Invest (20),NSE:PETRONET,Petronet LNG Limited,Oil Gas & Consumable Fuels,Mid,42825.0,285.5,326.4,235.35,10.2,0.89,10.0,3.5,20.1,-9.7,5.6,10.5,50.0,0.0,7.9,30.8,52.2
JPW-Angel,To Invest (20),NSE:MSUMI,Motherson Sumi Wiring India Limited,Automobile and Auto Components,Small,22150.0,33.4,53.59,33.07,35.5,1.0,0.58,1.73,34.8,17.6,8.7,10.8,61.73,0.0,-25.8,-19.7,51.3
JPW-Angel,To Invest (20),NSE:HSCL,Himadri Speciality Chemical Limited,Chemicals,Small,33357.0,661.1,819.5,418.5,41.6,1.14,0.8,0.12,13.5,3.7,51.5,16.2,52.5,0.93,48.6,173.9,55.3
JPW-Angel,To Invest (20),NSE:ENGINERSIN,Engineers India Limited,Construction,Small,17536.0,312.0,321.4,163.55,22.4,0.92,5.0,1.6,20.3,5.7,25.9,0.5,51.32,0.0,58.3,123.2,58.6
JPW-Angel,To Invest (20),NSE:EMAMILTD,Emami Limited,Fast Moving Consumer Goods,Small,16044.0,372.8,560.0,361.15,21.8,0.52,12.0,3.22,28.4,3.7,6.6,5.5,54.84,0.0,-29.9,-29.8,55.2
JPW-Angel,To Invest (20),NSE:ANANTRAJ,Anant Raj Limited,Realty,Small,20765.0,577.0,743.65,403.0,35.4,1.08,1.0,0.17,8.1,37.9,54.5,11.7,57.42,-2.7,-17.2,161.1,52.7
JPW-Angel,To Invest (20),NSE:GESHIP,The Great Eastern Shipping Company Limited,Services,Small,21535.0,1529.9,1798.0,1002.55,5.8,0.22,57.6,3.76,20.0,-1.6,4.5,6.4,30.07,0.0,58.8,106.5,63.7
JPW-Zerodha,Active (20),NSE:ENRIN,Siemens Energy India Limited,Capital Goods,Large,118731.0,3334.0,3968.0,2115.0,80.0,1.54,4.0,0.12,21.9,,,4.5,75.0,0.0,-1.8,,60.1
JPW-Zerodha,Active (20),NSE:SOLARINDS,Solar Industries India Limited,Chemicals,Large,175551.0,19400.0,22700.0,11646.0,88.5,2.42,11.0,0.06,27.1,12.4,30.4,23.3,73.15,0.0,45.7,329.0,63.1
JPW-Zerodha,Active (20),NSE:ASIANPAINT,Asian Paints Limited,Consumer Durables,Large,230746.0,2407.0,2985.7,2115.0,48.5,1.0,27.5,1.14,23.5,1.1,1.7,17.8,52.63,0.0,4.1,-23.3,49.3
JPW-Zerodha,Active (20),NSE:TRENT,Trent Limited,Consumer Services,Large,137574.0,2580.0,4908.0,2183.67,76.3,1.35,4.0,0.16,26.7,34.8,57.0,36.0,37.01,0.0,-46.5,25.6,53.3
JPW-Zerodha,Active (20),NSE:BSE,BSE Limited,Financial Services,Large,123707.0,3046.0,4446.8,2050.0,44.2,2.1,10.0,0.33,24.8,76.5,124.5,0.0,0.0,0.0,46.7,620.3,58.6
JPW-Zerodha,Active (20),NSE:INFY,Infosys Limited,Information Technology,Large,419211.0,1035.0,1728.0,980.4,13.3,0.5,50.0,4.83,31.1,3.4,3.6,9.5,13.82,-0.48,-25.7,-24.5,50.4
JPW-Zerodha,Active (20),NSE:HINDALCO,Hindalco Industries Limited,Metals & Mining,Large,209075.0,941.85,1176.0,754.45,12.8,0.69,5.0,0.53,10.7,7.1,9.9,72.6,34.66,0.02,23.6,92.9,44.1
JPW-Zerodha,Active (20),NSE:NTPC,NTPC Limited,Power,Large,305542.0,315.1,414.4,313.05,9.6,0.35,12.35,3.92,12.6,1.9,16.9,128.3,51.1,0.0,-4.9,43.1,50.9
JPW-Zerodha,Active (20),NSE:HEROMOTOCO,Hero MotoCorp Limited,Automobile and Auto Components,Mid,103433.0,5168.0,6388.5,4671.5,19.0,0.54,185.0,3.58,21.8,11.7,26.9,3.6,34.73,-0.01,-1.6,91.0,58.2
JPW-Zerodha,Active (20),NSE:UNOMINDA,UNO Minda Limited,Automobile and Auto Components,Mid,64157.0,1111.0,1382.0,994.0,53.5,1.51,2.65,0.24,16.8,20.5,22.4,37.7,68.36,-0.35,-15.9,80.3,48.4
JPW-Zerodha,Active (20),NSE:RADICO,Radico Khaitan Limited,Fast Moving Consumer Goods,Mid,56771.0,4237.0,4747.0,2500.0,80.9,1.94,9.0,0.21,12.9,24.6,40.0,15.0,40.19,-0.03,47.0,252.9,54.6
JPW-Zerodha,Active (20),NSE:AIIL,Authum Investment & Infrastructure Limited,Financial Services,Mid,45773.0,539.0,683.0,400.0,28.1,1.34,0.2,0.04,52.3,44.4,-23.5,24.6,68.81,0.02,-12.6,,62.6
JPW-Zerodha,Active (20),NSE:PFC,Power Finance Corporation Limited,Financial Services,Mid,104943.0,318.0,486.5,313.35,4.0,0.19,15.6,4.91,19.4,16.2,17.7,536.8,55.99,0.0,-18.9,61.6,65.3
JPW-Zerodha,Active (20),NSE:PERSISTENT,Persistent Systems Limited,Information Technology,Mid,83849.0,5367.0,6599.0,4244.5,43.9,1.66,36.0,0.67,22.8,20.9,26.5,6.9,30.29,-0.27,9.1,84.2,58.8
JPW-Zerodha,Active (20),NSE:GRSE,Garden Reach Shipbuilders & Engineers Limited,Capital Goods,Small,24205.0,2113.0,3339.0,1963.7,30.2,0.58,19.6,0.93,22.8,40.0,48.6,1.4,74.5,0.0,-19.5,173.6,63.2
JPW-Zerodha,Active (20),NSE:CEMPRO,Cemindia Projects Limited,Construction,Small,20271.0,1180.0,1649.2,503.3,33.7,1.39,3.0,0.25,18.4,25.5,68.8,37.7,67.46,0.0,45.0,415.1,58.3
JPW-Zerodha,Active (20),NSE:ACC,ACC Limited,Construction Materials,Small,22178.0,1181.0,1987.0,1166.1,11.7,0.35,7.5,0.63,10.6,12.9,48.7,2.1,56.69,0.0,-34.9,-41.2,39.1
JPW-Zerodha,Active (20),NSE:CAPLIPOINT,Caplin Point Laboratories Limited,Healthcare,Small,19854.0,2612.0,2990.0,1500.3,29.9,0.57,8.0,0.3,19.1,14.3,19.4,0.1,70.57,0.01,34.3,166.1,68.8
JPW-Zerodha,Active (20),NSE:SUNTV,Sun TV Network Limited,Media Entertainment & Publication,Small,23657.0,600.3,663.9,447.2,15.5,0.4,20.0,3.33,15.7,4.7,-5.5,0.8,75.0,0.0,1.8,6.2,58.4
JPW-Zerodha,Active (20),NSE:CHENNPETRO,Chennai Petroleum Corporation Limited,Oil Gas & Consumable Fuels,Small,19969.0,1341.0,1677.5,716.8,4.8,0.42,62.0,4.6,29.0,-6.0,-4.2,17.7,67.29,0.0,87.1,185.2,53.1
JPW-Zerodha,To Invest (20),NSE:LT,Larsen & Toubro Limited,Construction,Large,508162.0,3693.4,4440.0,3288.1,30.7,1.26,38.0,1.03,14.2,16.1,15.4,97.6,0.0,0.0,1.6,30.0,43.1
JPW-Zerodha,To Invest (20),NSE:DMART,Avenue Supermarts Limited,Consumer Services,Large,248701.0,3813.0,4644.0,3529.0,80.9,1.44,0.0,,13.3,17.1,7.7,9.9,74.48,-0.17,-14.3,0.1,36.7
JPW-Zerodha,To Invest (20),NSE:BRITANNIA,Britannia Industries Limited,Fast Moving Consumer Goods,Large,115087.0,4778.0,6271.0,4737.0,44.2,1.06,90.5,1.89,54.9,5.7,3.0,26.9,50.55,0.0,-18.6,9.0,50.3
JPW-Zerodha,To Invest (20),NSE:SBIN,State Bank of India,Financial Services,Large,880693.0,954.1,1234.7,857.25,10.2,0.49,17.35,1.82,15.4,12.2,14.4,,55.47,-0.03,12.4,68.7,60.4
JPW-Zerodha,To Invest (20),NSE:ZYDUSLIFE,Zydus Lifesciences Limited,Healthcare,Large,114284.0,1145.7,1232.1,835.5,25.5,0.49,1.0,0.09,17.0,16.5,37.0,42.3,75.01,0.02,15.7,81.7,57.9
JPW-Zerodha,To Invest (20),NSE:HCLTECH,HCL Technologies Limited,Information Technology,Large,336354.0,1243.1,1780.1,1030.0,19.3,0.73,60.0,4.83,23.2,8.7,3.9,7.1,60.88,0.07,-6.5,9.0,50.5
JPW-Zerodha,To Invest (20),NSE:TCS,Tata Consultancy Services Limited,Information Technology,Large,750753.0,2075.0,3350.0,1976.8,15.1,0.57,65.0,3.13,48.6,5.8,5.3,10.2,71.77,0.0,-25.8,-36.1,54.5
JPW-Zerodha,To Invest (20),NSE:ADANIPOWER,Adani Power Limited,Power,Large,378385.0,196.21,254.2,128.1,26.5,0.98,0.0,,31.7,12.5,6.2,82.3,74.96,0.0,28.7,160.1,58.3
JPW-Zerodha,To Invest (20),NSE:WELCORP,Welspun Corp Limited,Capital Goods,Mid,68038.0,2580.1,2900.0,710.0,29.5,0.57,5.0,0.19,16.8,19.5,98.4,25.0,49.73,-0.11,205.7,591.1,61.8
JPW-Zerodha,To Invest (20),NSE:NAVINFLUOR,Navin Fluorine International Limited,Chemicals,Mid,41755.0,8138.0,8949.5,4514.5,52.6,1.44,15.1,0.19,14.1,16.5,20.9,32.1,27.08,-0.93,76.5,83.5,52.1
JPW-Zerodha,To Invest (20),NSE:AMBUJACEM,Ambuja Cements Limited,Construction Materials,Mid,90013.0,362.25,588.75,356.3,20.3,0.6,2.0,0.55,8.1,8.9,34.6,1.2,67.33,-0.35,-36.3,-17.7,40.2
JPW-Zerodha,To Invest (20),NSE:DIXON,Dixon Technologies (India) Limited,Consumer Durables,Mid,77218.0,12700.0,17505.0,9600.0,41.3,0.85,10.0,0.08,27.2,58.6,77.9,18.5,28.55,-0.4,-22.8,150.6,63.3
JPW-Zerodha,To Invest (20),NSE:NAM-INDIA,Nippon Life India Asset Management Limited,Financial Services,Mid,66948.0,1046.0,1269.5,795.8,41.5,1.98,21.5,2.06,27.9,26.1,28.3,1.6,71.8,-0.45,21.9,235.1,65.2
JPW-Zerodha,To Invest (20),NSE:INDUSTOWER,Indus Towers Limited,Telecommunication,Mid,99225.0,376.25,481.5,337.8,13.9,0.31,14.0,3.72,20.1,4.6,51.9,51.8,51.26,1.26,10.9,112.4,59.7
JPW-Zerodha,To Invest (20),NSE:GABRIEL,Gabriel India Limited,Automobile and Auto Components,Small,25104.0,1310.0,1600.0,795.7,74.3,2.09,5.0,0.38,18.0,16.3,24.0,10.6,66.29,11.29,6.4,325.1,56.6
JPW-Zerodha,To Invest (20),NSE:HBLENGINE,HBL Engineering Limited,Capital Goods,Small,21567.0,778.05,1122.0,613.0,27.6,0.53,4.0,0.51,22.2,34.2,102.1,3.0,59.11,0.0,-6.2,200.8,71.7
JPW-Zerodha,To Invest (20),NSE:CCL,CCL Products (India) Limited,Fast Moving Consumer Goods,Small,14074.0,1055.5,1242.2,815.5,32.6,0.78,5.75,0.54,16.6,29.1,11.0,56.5,46.14,0.05,24.5,60.7,55.5
JPW-Zerodha,To Invest (20),NSE:ABSLAMC,Aditya Birla Sun Life AMC Limited,Financial Services,Small,28269.0,976.9,1224.9,708.0,28.1,1.34,25.5,2.57,24.4,14.6,17.8,1.6,74.71,-0.17,27.1,154.2,62.6
JPW-Zerodha,To Invest (20),NSE:GMDCLTD,Gujarat Mineral Development Corporation Limited,Metals & Mining,Small,15531.0,488.4,771.9,466.4,16.2,0.87,9.5,1.95,13.7,-8.8,-7.4,4.5,74.0,0.0,-20.1,92.5,45.4
JPW-Zerodha,To Invest (20),NSE:CASTROLIND,Castrol India Limited,Oil Gas & Consumable Fuels,Small,19604.0,198.2,207.2,170.1,18.5,1.62,12.5,6.28,43.7,6.2,5.2,2.8,51.0,0.0,5.3,57.7,57.6
