Account,Slot,Symbol,Name,Type,Underlying,Price,52W High,52W Low,% Below 52W High,Return 1y %,Return 3y %,Volatility %,Max Drawdown 3y %,Turnover Last Day (Lakh)
PEW-Angel,Gold,NSE:GOLDBEES,NIPINDETFGOLDBEES,ETF,Gold,121.4,148.14,95.55,18.1,24.4,143.4,18.4,-24.4,20854.28
PEW-Angel,International,NSE:MON100,MotilalOsNASDAQ100ETF,ETF,Nasdaq100,322.0,354.9,213.01,9.3,40.0,157.9,22.5,-26.0,2875.31
PEW-Angel,Large cap (Nifty 50),NSE:NIFTYBEES,NIPINDETFNIFTYBEES,ETF,Nifty 50,257.25,302.25,251.7,14.9,-8.6,15.8,12.6,-15.2,42689.67
PEW-Angel,Liquid / cash,NSE:LIQUIDBEES,NIPINDETFLIQUIDBEES,ETF,Government Securities,1000.01,1029.99,969.99,2.9,-0.0,9.8,1.1,-0.0,35315.81
PEW-Angel,Mid cap,NSE:MID150BEES,NIPINDETFMIDCAP150,ETF,Nifty Midcap 150 TRI,224.9,247.15,190.43,9.0,,,,,3500.04
PEW-Angel,Sector,NSE:BANKBEES,NIPINDETFBANKBEES,ETF,Nifty Bank,565.7,638.99,515.98,11.5,-1.1,20.6,15.7,-18.1,4861.94
PEW-Angel,Silver,NSE:SILVERBEES,NIPPONAMC-SILVERBEES,ETF,Domestic price of Silver- based on LBMA Silver daily spot fixing price,208.79,360.0,132.99,42.0,49.2,201.3,34.2,-45.0,30495.51
PEW-Angel,Small cap,NSE:HDFCSML250,HDFCAMC-HDFCSML250,ETF,HDFC NIFTY Smallcap 250 ETF,178.45,189.83,142.7,6.0,5.6,42.6,17.3,-25.9,3764.29
PEW-Angel,Sovereign Gold Bond,NSE:SGBFEB32IV,SGBFEB32IV,SGB,,15576.52,,,,,,,,205.03
JPW-Angel,Gold,NSE:GOLDIETF,ICICIPrudGoldETF,ETF,Gold,125.89,158.0,95.53,20.3,28.6,,22.9,-26.0,7333.85
JPW-Angel,International,NSE:MAFANG,MIRAEAMC-MAFANG,ETF,NYSE FANG+ Total Return Index,248.38,258.47,149.74,3.9,46.7,286.3,27.0,-30.3,2162.49
JPW-Angel,Large cap (Nifty 50),NSE:SETFNIF50,SBI-ETFNifty50,ETF,Nifty 50,243.5,287.33,237.9,15.3,-8.7,15.7,12.7,-15.2,4661.64
JPW-Angel,Liquid / cash,NSE:LIQUIDCASE,ZERODHAAMC-LIQUIDCASE,ETF,Zerodha Nifty 1D Rate Liquid ETF,116.22,116.22,107.56,0.0,5.0,,0.3,-0.0,31818.44
JPW-Angel,Mid cap,NSE:MIDCAPETF,MIRAEAMC-MAM150ETF,ETF,Mirae Asset Mutual Fund - Mirae Asset Nifty Midcap 150 ETF,22.18,24.57,19.6,9.7,1.0,,16.8,-20.8,1157.59
JPW-Angel,Sector,NSE:PHARMABEES,NIPPONAMC-NETFPHARMA,ETF,Nifty Pharma TRI,27.29,28.58,21.69,4.5,19.3,77.8,14.9,-16.9,1796.32
JPW-Angel,Silver,NSE:HDFCSILVER,HDFCAMC-HDFCSILVER,ETF,HDFC Silver ETF,208.72,359.0,132.72,41.9,49.1,,53.1,-46.0,4486.57
JPW-Angel,Small cap,NSE:MOSMALL250,MOTILALAMC-MOSMALL250,ETF,Motilal Oswal Nifty Smallcap 250 ETF,17.79,19.38,14.22,8.2,4.8,,18.5,-26.1,432.39
JPW-Angel,Sovereign Gold Bond,NSE:SGBDE31III,SGBDE31III,SGB,,15261.66,,,,,,,,194.96
JPW-Zerodha,Gold,NSE:TATAGOLD,TATAAML-TATAGOLD,ETF,Tata Gold Exchange Traded Fund,14.28,17.7,10.33,19.3,24.9,,22.4,-24.7,5748.05
JPW-Zerodha,International,NSE:MASPTOP50,MIRAEAMC-MASPTOP50,ETF,S&P 500 Top 50 Total Return Index,102.0,148.9,65.0,31.5,48.7,206.0,26.2,-29.9,539.72
JPW-Zerodha,Large cap (Nifty 50),NSE:NIFTY1,KotakNiftyETF,ETF,Nifty 50,249.6,295.8,244.8,15.6,-8.6,15.9,12.7,-15.2,1228.56
JPW-Zerodha,Liquid / cash,NSE:LIQUID1,KOTAKMAMC-KOTAKLIQ,ETF,Kotak Nifty 1D Rate Liquid ETF,1125.41,1147.32,1067.98,1.9,5.2,12.5,0.3,-0.0,19795.71
JPW-Zerodha,Mid cap,NSE:MIDCAPIETF,ICICIPRAMC-ICICIM150,ETF,Nifty Midcap 150,22.6,24.88,19.89,9.2,1.0,46.8,16.5,-21.0,353.94
JPW-Zerodha,Sector,NSE:ITBEES,NIPINDETFIT,ETF,Nifty IT TRI,31.55,44.27,28.55,28.7,-15.6,-9.6,21.3,-42.1,2997.29
JPW-Zerodha,Silver,NSE:SILVERIETF,ICICIPRAMC-ICICISILVE,ETF,Domestic Price of Silver,217.9,373.5,138.51,41.7,51.1,,47.3,-45.4,3819.87
JPW-Zerodha,Small cap,NSE:SMALLCAP,MIRAEAMC-SMALLCAP,ETF,Mirae Asset Nifty Smallcap 250 Momentum Quality 100 ETF,47.43,54.5,37.34,13.0,6.3,,19.8,-30.6,887.26
JPW-Zerodha,Sovereign Gold Bond,NSE:SGBSEP31II,SGBSEP31II,SGB,,15029.3,,,,,,,,165.25
